screening_date,company,symbol,exchange,listing_board,sector,industry,current_price_inr,price_date,market_cap_inr_cr,market_cap_date,liquidity_metric_name,liquidity_value_inr_cr,liquidity_period,eligible_flag,exclusion_code,exclusion_reason,primary_archetype,classification_rationale,secondary_tags,technical_stage,technical_data_date,revenue_cagr_5y_pct,normalized_eps_cagr_5y_pct,latest_roce_or_roe_pct,median_roce_or_roe_5y_pct,net_debt_to_equity,cfo_pat_period,cfo_pat_ratio,preliminary_valuation_method,preliminary_valuation_value,preliminary_priority_score,inclusion_reason,key_disqualifying_risk,data_quality_confidence,primary_source_ids,secondary_source_ids,phase2_priority,phase2_questions,required_primary_documents,known_data_gaps
2026-08-11,Jamna Auto Industries Ltd,JAMNAAUTO,NSE,Main Board,Automobile and Auto Components,Automobile and Auto Components,128.0,2026-08-10,5134.0,2026-08-10,3-month median daily traded value,28.446,13-week median of weekly traded value / 5,1,,,Quality compounder,5y median ROCE 27%; 5y revenue CAGR 19%; 5y EPS CAGR 26%; cumulative CFO/PAT 1.37,Earnings-upgrade candidate|Capex commissioning|Operating-leverage inflection|Peak-cycle risk,Early Stage 2,2026-08-10,19.34118492340926,25.862208995229665,27.5,27.0,0.010462074978204011,Mar 2022-Mar 2026,1.3664864864864865,Trailing P/E vs 3-5y EPS CAGR (preliminary),21.2,90.8,5y median ROCE 27%; 5y revenue CAGR 19%; 5y EPS CAGR 26%; cumulative CFO/PAT 1.37,None identified at Phase 1 depth,High,NSE-EQL-2026-08-10|NSE-BHAV-2026-08-10,JAMNAAUTO-SCR-01|JAMNAAUTO-PXW-01,High,"Is the 5y median ROCE sustained on incremental capital, or inflated by a legacy asset base? | What is the reinvestment runway, and has capital allocation stayed inside the core? | Does cumulative CFO/PAT hold above 0.8 once working-capital swings are normalised?",Latest annual report (MD&A + segment note); last 4 quarterly results; latest investor presentation; last 2 earnings-call transcripts,nan; EPS not normalised for exceptional items at Phase 1 - reported basis only
2026-08-11,Olectra Greentech Ltd,OLECTRA,NSE,Main Board,Automobile and Auto Components,Automobile and Auto Components,1365.0,2026-08-10,11206.0,2026-08-10,3-month median daily traded value,60.692,13-week median of weekly traded value / 5,1,,,High-growth company,3y revenue CAGR 28%; 3y EPS CAGR 39%; latest quarter revenue +86% YoY,Earnings-upgrade candidate|Capex commissioning,Early Stage 2,2026-08-10,52.42503449163465,85.66323903813637,21.0,15.0,0.30944625407166126,Mar 2022-Mar 2026,0.998,Trailing P/E vs 3-5y EPS CAGR (preliminary),63.1,86.9,3y revenue CAGR 28%; 3y EPS CAGR 39%; latest quarter revenue +86% YoY,None identified at Phase 1 depth,High,NSE-EQL-2026-08-10|NSE-BHAV-2026-08-10,OLECTRA-SCR-01|OLECTRA-PXW-01,High,"Is forward growth contracted/visible or extrapolated from a favourable base? | Do unit economics hold as mix shifts, and is growth funded without dilution? | How much of EPS growth is operating vs. below-the-line or tax-rate driven?",Last 4 quarterly results; latest investor presentation; earnings-call transcripts; annual report share-capital and ESOP notes,nan; EPS not normalised for exceptional items at Phase 1 - reported basis only
2026-08-11,Chennai Petroleum Corporation Ltd,CHENNPETRO,NSE,Main Board,Oil Gas & Consumable Fuels,Oil Gas & Consumable Fuels,1245.0,2026-08-10,18543.0,2026-08-10,3-month median daily traded value,119.806,13-week median of weekly traded value / 5,1,,,Mature value/yield company,dividend yield 5.0%; FCF positive in 5 of last 5 years,Operating-leverage inflection|PEAD candidate|Peak-cycle risk,Mature/extended Stage 2,2026-08-10,23.22967168362733,64.53341888496962,34.9,35.0,0.17679359078224863,Mar 2022-Mar 2026,1.2576283573908278,Trailing P/E vs 3-5y EPS CAGR (preliminary),4.45,86.5,dividend yield 5.0%; FCF positive in 5 of last 5 years,None identified at Phase 1 depth,High,NSE-EQL-2026-08-10|NSE-BHAV-2026-08-10,CHENNPETRO-SCR-01|CHENNPETRO-PXW-01,High,"Is the dividend covered by normalised FCF after maintenance capex, not by peak earnings? | What structural-decline risk exists in the core end-market? | Is management willing to keep returning capital, on what stated policy?",Annual report cash-flow statement and dividend policy; quarterly results; capex guidance,nan; EPS not normalised for exceptional items at Phase 1 - reported basis only
2026-08-11,Kirloskar Pneumatic Company Ltd,KIRLPNU,NSE,Main Board,Capital Goods,Capital Goods,1487.0,2026-08-10,9651.0,2026-08-10,3-month median daily traded value,23.327,13-week median of weekly traded value / 5,1,,,High-growth company,3y revenue CAGR 59%; 3y EPS CAGR 142%; latest quarter revenue +84% YoY,Earnings-upgrade candidate|Operating-leverage inflection|Peak-cycle risk,Early Stage 2,2026-08-10,27.13597423658276,39.06937865674076,29.6,17.5,0.0024019215372297837,Mar 2014-Mar 2026,1.0179533213644525,Trailing P/E vs 3-5y EPS CAGR (preliminary),36.7,86.4,3y revenue CAGR 59%; 3y EPS CAGR 142%; latest quarter revenue +84% YoY,None identified at Phase 1 depth,High,NSE-EQL-2026-08-10|NSE-BHAV-2026-08-10,KIRLPNU-SCR-01|KIRLPNU-PXW-01,High,"Is forward growth contracted/visible or extrapolated from a favourable base? | Do unit economics hold as mix shifts, and is growth funded without dilution? | How much of EPS growth is operating vs. below-the-line or tax-rate driven?",Last 4 quarterly results; latest investor presentation; earnings-call transcripts; annual report share-capital and ESOP notes,nan; EPS not normalised for exceptional items at Phase 1 - reported basis only
2026-08-11,SKM Egg Products Export (India) Ltd,SKMEGGPROD,NSE,Main Board,Not disclosed,Not disclosed,252.0,2026-08-10,1335.0,2026-08-10,3-month median daily traded value,24.769,13-week median of weekly traded value / 5,1,,,Quality compounder,5y median ROCE 30%; 5y revenue CAGR 23%; 5y EPS CAGR 45%; cumulative CFO/PAT 0.94,Operating-leverage inflection|PEAD candidate,Early Stage 2,2026-08-10,23.345067791206397,44.84434672195192,30.0,30.0,0.3594936708860759,Mar 2022-Mar 2026,0.9413680781758957,Trailing P/E vs 3-5y EPS CAGR (preliminary),12.0,85.5,5y median ROCE 30%; 5y revenue CAGR 23%; 5y EPS CAGR 45%; cumulative CFO/PAT 0.94,None identified at Phase 1 depth,High,NSE-EQL-2026-08-10|NSE-BHAV-2026-08-10,SKMEGGPROD-SCR-01|SKMEGGPROD-PXW-01,High,"Is the 5y median ROCE sustained on incremental capital, or inflated by a legacy asset base? | What is the reinvestment runway, and has capital allocation stayed inside the core? | Does cumulative CFO/PAT hold above 0.8 once working-capital swings are normalised?",Latest annual report (MD&A + segment note); last 4 quarterly results; latest investor presentation; last 2 earnings-call transcripts,nan; EPS not normalised for exceptional items at Phase 1 - reported basis only
2026-08-11,Gujarat Pipavav Port Ltd,GPPL,NSE,Main Board,Services,Services,150.0,2026-08-10,7277.0,2026-08-10,3-month median daily traded value,16.032,13-week median of weekly traded value / 5,1,,,Mature value/yield company,dividend yield 3.6%; FCF positive in 5 of last 5 years,Earnings-upgrade candidate|Capex commissioning|Operating-leverage inflection|Peak-cycle risk,Stage 4 decline,2026-08-10,9.57738119279876,18.355625186230352,28.0,23.0,0.015494137353433836,Mar 2022-Mar 2026,1.2443310657596371,Trailing P/E vs 3-5y EPS CAGR (preliminary),14.5,84.7,dividend yield 3.6%; FCF positive in 5 of last 5 years,Technically in Stage 4 decline,High,NSE-EQL-2026-08-10|NSE-BHAV-2026-08-10,GPPL-SCR-01|GPPL-PXW-01,High,"Is the dividend covered by normalised FCF after maintenance capex, not by peak earnings? | What structural-decline risk exists in the core end-market? | Is management willing to keep returning capital, on what stated policy?",Annual report cash-flow statement and dividend policy; quarterly results; capex guidance,nan; EPS not normalised for exceptional items at Phase 1 - reported basis only
2026-08-11,Epigral Ltd,EPIGRAL,NSE,Main Board,Not disclosed,Not disclosed,1127.0,2026-08-10,4863.0,2026-08-10,3-month median daily traded value,3.624,13-week median of weekly traded value / 5,1,,,Quality compounder,5y median ROCE 25%; 5y revenue CAGR 25%; 5y EPS CAGR 26%; cumulative CFO/PAT 1.46,Earnings-upgrade candidate|Capex commissioning|Margin-recovery candidate,Early Stage 1,2026-08-10,24.971258196917855,25.74173315694601,15.5,25.0,0.2575416479063485,Mar 2022-Mar 2026,1.4644772117962466,Trailing P/E vs 3-5y EPS CAGR (preliminary),18.0,83.9,5y median ROCE 25%; 5y revenue CAGR 25%; 5y EPS CAGR 26%; cumulative CFO/PAT 1.46,None identified at Phase 1 depth,High,NSE-EQL-2026-08-10|NSE-BHAV-2026-08-10,EPIGRAL-SCR-01|EPIGRAL-PXW-01,High,"Is the 5y median ROCE sustained on incremental capital, or inflated by a legacy asset base? | What is the reinvestment runway, and has capital allocation stayed inside the core? | Does cumulative CFO/PAT hold above 0.8 once working-capital swings are normalised?",Latest annual report (MD&A + segment note); last 4 quarterly results; latest investor presentation; last 2 earnings-call transcripts,nan; EPS not normalised for exceptional items at Phase 1 - reported basis only
2026-08-11,Sharda Cropchem Ltd,SHARDACROP,NSE,Main Board,Chemicals,Chemicals,813.0,2026-08-10,7327.0,2026-08-10,3-month median daily traded value,20.375,13-week median of weekly traded value / 5,1,,,Mature value/yield company,dividend yield 1.9%; FCF positive in 5 of last 5 years,Earnings-upgrade candidate|Capex commissioning|Operating-leverage inflection|Peak-cycle risk,Stage 3 distribution,2026-08-10,17.06627257653899,24.333490673143675,30.2,21.0,0.0,Mar 2022-Mar 2026,1.2857142857142858,Trailing P/E vs 3-5y EPS CAGR (preliminary),11.7,83.8,dividend yield 1.9%; FCF positive in 5 of last 5 years,Technically in Stage 3 distribution,High,NSE-EQL-2026-08-10|NSE-BHAV-2026-08-10,SHARDACROP-SCR-01|SHARDACROP-PXW-01,High,"Is the dividend covered by normalised FCF after maintenance capex, not by peak earnings? | What structural-decline risk exists in the core end-market? | Is management willing to keep returning capital, on what stated policy?",Annual report cash-flow statement and dividend policy; quarterly results; capex guidance,nan; EPS not normalised for exceptional items at Phase 1 - reported basis only
2026-08-11,Gujarat Narmada Valley Fertilizers & Chemicals Ltd,GNFC,NSE,Main Board,Chemicals,Chemicals,543.0,2026-08-10,7981.0,2026-08-10,3-month median daily traded value,17.918,13-week median of weekly traded value / 5,1,,,Cyclical recovery,OPM 17.0pp below 5y peak; PAT 53% below 5y peak; quarterly OPM +13.0pp YoY - margin inflecting,Earnings-upgrade candidate|Capex commissioning|Operating-leverage inflection|Margin-recovery candidate|Temporary setback,Early Stage 2,2026-08-10,8.670382006314359,4.165432918024825,12.0,12.0,0.0006582556226001097,Mar 2022-Mar 2026,0.9105211406096362,Trailing P/E vs 3-5y EPS CAGR (preliminary),7.69,83.3,OPM 17.0pp below 5y peak; PAT 53% below 5y peak; quarterly OPM +13.0pp YoY - margin inflecting,Other income >35% of PBT - EPS provisional,Medium,NSE-EQL-2026-08-10|NSE-BHAV-2026-08-10,GNFC-SCR-01|GNFC-PXW-01,High,"Where is the cycle versus mid-cycle margin, and what capacity is still being added industry-wide? | Is the improvement demand-led or a one-off inventory/input-cost effect? | Does the balance sheet survive another 4-6 quarters at trough spreads?",Annual report segment/realisation data; quarterly results; industry capacity data; credit-rating rationale,Other income >35% of PBT - EPS provisional; EPS not normalised for exceptional items at Phase 1 - reported basis only
2026-08-11,SEAMEC Ltd,SEAMECLTD,NSE,Main Board,Not disclosed,Not disclosed,1514.0,2026-08-10,3846.0,2026-08-10,3-month median daily traded value,6.677,13-week median of weekly traded value / 5,1,,,High-growth company,3y revenue CAGR 30%; 3y EPS CAGR 97%; latest quarter revenue +55% YoY,Earnings-upgrade candidate|Operating-leverage inflection|Peak-cycle risk,Early Stage 2,2026-08-10,29.93937245822609,20.59934189149939,20.0,10.0,0.27132974634896234,Mar 2022-Mar 2026,1.5783132530120483,Trailing P/E vs 3-5y EPS CAGR (preliminary),15.3,83.1,3y revenue CAGR 30%; 3y EPS CAGR 97%; latest quarter revenue +55% YoY,None identified at Phase 1 depth,High,NSE-EQL-2026-08-10|NSE-BHAV-2026-08-10,SEAMECLTD-SCR-01|SEAMECLTD-PXW-01,High,"Is forward growth contracted/visible or extrapolated from a favourable base? | Do unit economics hold as mix shifts, and is growth funded without dilution? | How much of EPS growth is operating vs. below-the-line or tax-rate driven?",Last 4 quarterly results; latest investor presentation; earnings-call transcripts; annual report share-capital and ESOP notes,nan; EPS not normalised for exceptional items at Phase 1 - reported basis only
2026-08-11,Action Construction Equipment Ltd,ACE,NSE,Main Board,Capital Goods,Capital Goods,1113.0,2026-08-10,13242.0,2026-08-10,3-month median daily traded value,36.275,13-week median of weekly traded value / 5,1,,,Quality compounder,5y median ROCE 32%; 5y revenue CAGR 22%; 5y EPS CAGR 38%; cumulative CFO/PAT 1.15,PEAD candidate|Peak-cycle risk,Early Stage 1,2026-08-10,21.73230801051187,37.74454587040916,31.7,32.0,0.003978120338140228,Mar 2022-Mar 2026,1.1468531468531469,Trailing P/E vs 3-5y EPS CAGR (preliminary),30.3,82.7,5y median ROCE 32%; 5y revenue CAGR 22%; 5y EPS CAGR 38%; cumulative CFO/PAT 1.15,None identified at Phase 1 depth,High,NSE-EQL-2026-08-10|NSE-BHAV-2026-08-10,ACE-SCR-01|ACE-PXW-01,High,"Is the 5y median ROCE sustained on incremental capital, or inflated by a legacy asset base? | What is the reinvestment runway, and has capital allocation stayed inside the core? | Does cumulative CFO/PAT hold above 0.8 once working-capital swings are normalised?",Latest annual report (MD&A + segment note); last 4 quarterly results; latest investor presentation; last 2 earnings-call transcripts,nan; EPS not normalised for exceptional items at Phase 1 - reported basis only
2026-08-11,Multi Commodity Exchange of India Ltd,MCX,NSE,Main Board,Financial Services,Financial Services,2762.0,2026-08-10,70110.0,2026-08-10,3-month median daily traded value,754.693,13-week median of weekly traded value / 5,1,,,Financial compounder,ROE 56.3%; 5y EPS CAGR 43%,Earnings-upgrade candidate|Operating-leverage inflection|Peak-cycle risk,Early Stage 2,2026-08-10,42.55606940767072,42.683985854064076,56.3,28.0,,Mar 2022-Mar 2026,,P/B vs ROE (preliminary),45.5,81.7,ROE 56.3%; 5y EPS CAGR 43%,None identified at Phase 1 depth,Medium,NSE-EQL-2026-08-10|NSE-BHAV-2026-08-10,MCX-SCR-01|MCX-PXW-01,High,"Is ROE sustainable on current capital, and what dilution is required to fund growth? | What are GNPA/NNPA, provision coverage, and credit-cost trend through the cycle? | What is the funding franchise - cost of funds trajectory and liability mix?",Annual report asset-quality and capital-adequacy disclosures; quarterly investor presentation; credit-rating rationale,nan; EPS not normalised for exceptional items at Phase 1 - reported basis only
2026-08-11,Acutaas Chemicals Ltd,ACUTAAS,NSE,Main Board,Healthcare,Healthcare,3273.0,2026-08-10,26797.0,2026-08-10,3-month median daily traded value,145.483,13-week median of weekly traded value / 5,1,,,High-growth company,3y revenue CAGR 29%; 3y EPS CAGR 56%; latest quarter revenue +42% YoY,Earnings-upgrade candidate|Capex commissioning|Operating-leverage inflection|PEAD candidate|Peak-cycle risk,Early Stage 2,2026-08-10,31.463514871210975,38.39539905554592,31.6,21.0,0.02176541717049577,Mar 2022-Mar 2026,0.8180555555555555,Trailing P/E vs 3-5y EPS CAGR (preliminary),69.3,81.6,3y revenue CAGR 29%; 3y EPS CAGR 56%; latest quarter revenue +42% YoY,None identified at Phase 1 depth,High,NSE-EQL-2026-08-10|NSE-BHAV-2026-08-10,ACUTAAS-SCR-01|ACUTAAS-PXW-01,High,"Is forward growth contracted/visible or extrapolated from a favourable base? | Do unit economics hold as mix shifts, and is growth funded without dilution? | How much of EPS growth is operating vs. below-the-line or tax-rate driven?",Last 4 quarterly results; latest investor presentation; earnings-call transcripts; annual report share-capital and ESOP notes,nan; EPS not normalised for exceptional items at Phase 1 - reported basis only
2026-08-11,TajGVK Hotels & Resorts Ltd,TAJGVK,NSE,Main Board,Not disclosed,Not disclosed,353.0,2026-08-10,2217.0,2026-08-10,3-month median daily traded value,2.803,13-week median of weekly traded value / 5,1,,,High-growth company,3y EPS CAGR 64%; latest quarter revenue +49% YoY,Earnings-upgrade candidate|Capex commissioning|PEAD candidate|Governance risk|Value-trap risk,Early Stage 1,2026-08-10,40.135178721426755,,13.2,19.0,0.1248780487804878,Mar 2022-Mar 2026,0.7902097902097902,Trailing P/E vs 3-5y EPS CAGR (preliminary),15.4,81.6,3y EPS CAGR 64%; latest quarter revenue +49% YoY,Promoter stake down 4.0pp over 4 quarters,Medium,NSE-EQL-2026-08-10|NSE-BHAV-2026-08-10,TAJGVK-SCR-01|TAJGVK-PXW-01,High,"Is forward growth contracted/visible or extrapolated from a favourable base? | Do unit economics hold as mix shifts, and is growth funded without dilution? | How much of EPS growth is operating vs. below-the-line or tax-rate driven?",Last 4 quarterly results; latest investor presentation; earnings-call transcripts; annual report share-capital and ESOP notes,5y EPS CAGR not computable (negative or zero base year); Other income >35% of PBT - EPS provisional; EPS not normalised for exceptional items at Phase 1 - reported basis only
2026-08-11,Steel Authority of India Ltd,SAIL,NSE,Main Board,Metals & Mining,Metals & Mining,173.0,2026-08-10,71592.0,2026-08-10,3-month median daily traded value,294.981,13-week median of weekly traded value / 5,1,,,Cyclical recovery,OPM 10.0pp below 5y peak; PAT 72% below 5y peak; quarterly OPM +5.0pp YoY - margin inflecting,Earnings-upgrade candidate|Capex commissioning|Operating-leverage inflection|Margin-recovery candidate|Debt-reduction story,Early Stage 2,2026-08-10,9.901436514133422,-4.038358404162956,7.79,8.0,0.5289946318510172,Mar 2022-Mar 2026,2.4776601239669422,Trailing P/E vs 3-5y EPS CAGR (preliminary),14.8,81.3,OPM 10.0pp below 5y peak; PAT 72% below 5y peak; quarterly OPM +5.0pp YoY - margin inflecting,None identified at Phase 1 depth,High,NSE-EQL-2026-08-10|NSE-BHAV-2026-08-10,SAIL-SCR-01|SAIL-PXW-01,High,"Where is the cycle versus mid-cycle margin, and what capacity is still being added industry-wide? | Is the improvement demand-led or a one-off inventory/input-cost effect? | Does the balance sheet survive another 4-6 quarters at trough spreads?",Annual report segment/realisation data; quarterly results; industry capacity data; credit-rating rationale,nan; EPS not normalised for exceptional items at Phase 1 - reported basis only
2026-08-11,Cemindia Projects Ltd,CEMPRO,NSE,Main Board,Construction,Construction,1268.0,2026-08-10,21764.0,2026-08-10,3-month median daily traded value,90.835,13-week median of weekly traded value / 5,1,,,Quality compounder,5y median ROCE 27%; 5y revenue CAGR 30%; 5y EPS CAGR 107%; cumulative CFO/PAT 1.53,Governance risk|Earnings-upgrade candidate|Operating-leverage inflection|PEAD candidate|Debt-reduction story|Peak-cycle risk,Mature/extended Stage 2,2026-08-10,29.825306507248506,106.79180322555437,32.8,27.0,0.41725719049604004,Mar 2022-Mar 2026,1.527449617790132,Trailing P/E vs 3-5y EPS CAGR (preliminary),36.2,81.3,5y median ROCE 27%; 5y revenue CAGR 30%; 5y EPS CAGR 107%; cumulative CFO/PAT 1.53,None identified at Phase 1 depth,High,NSE-EQL-2026-08-10|NSE-BHAV-2026-08-10,CEMPRO-SCR-01|CEMPRO-PXW-01,High,"Is the 5y median ROCE sustained on incremental capital, or inflated by a legacy asset base? | What is the reinvestment runway, and has capital allocation stayed inside the core? | Does cumulative CFO/PAT hold above 0.8 once working-capital swings are normalised?",Latest annual report (MD&A + segment note); last 4 quarterly results; latest investor presentation; last 2 earnings-call transcripts,nan; EPS not normalised for exceptional items at Phase 1 - reported basis only
2026-08-11,Krishna Defence & Allied Industries Ltd,KRISHNADEF,NSE,Main Board,Not disclosed,Not disclosed,1186.0,2026-08-10,1773.0,2026-08-10,3-month median daily traded value,14.99,13-week median of weekly traded value / 5,1,,,High-growth company,3y revenue CAGR 56%; 3y EPS CAGR 81%; latest quarter revenue +25% YoY,Governance risk|Earnings-upgrade candidate|Operating-leverage inflection|Peak-cycle risk,Early Stage 2,2026-08-10,,,30.7,24.0,0.010309278350515464,Mar 2024-Mar 2026,,Trailing P/E vs 3-5y EPS CAGR (preliminary),42.9,80.9,3y revenue CAGR 56%; 3y EPS CAGR 81%; latest quarter revenue +25% YoY,None identified at Phase 1 depth,Medium,NSE-EQL-2026-08-10|NSE-BHAV-2026-08-10,KRISHNADEF-SCR-01|KRISHNADEF-PXW-01,High,"Is forward growth contracted/visible or extrapolated from a favourable base? | Do unit economics hold as mix shifts, and is growth funded without dilution? | How much of EPS growth is operating vs. below-the-line or tax-rate driven?",Last 4 quarterly results; latest investor presentation; earnings-call transcripts; annual report share-capital and ESOP notes,5y revenue CAGR not computable (short/loss-making history); 5y EPS CAGR not computable (negative or zero base year); cumulative CFO/PAT unavailable; nan; EPS not normalised for exceptional items at Phase 1 - reported basis only
2026-08-11,Petronet LNG Ltd,PETRONET,NSE,Main Board,Oil Gas & Consumable Fuels,Oil Gas & Consumable Fuels,280.0,2026-08-10,42347.0,2026-08-10,3-month median daily traded value,60.893,13-week median of weekly traded value / 5,1,,,Mature value/yield company,dividend yield 3.6%; FCF positive in 5 of last 5 years,Governance risk|Capex commissioning|Operating-leverage inflection|Margin-recovery candidate,Mature Stage 1 base,2026-08-10,10.819553160020146,5.889922442605777,22.7,26.0,0.10504823872560018,Mar 2022-Mar 2026,1.0937056059447055,Trailing P/E vs 3-5y EPS CAGR (preliminary),10.8,80.8,dividend yield 3.6%; FCF positive in 5 of last 5 years,None identified at Phase 1 depth,High,NSE-EQL-2026-08-10|NSE-BHAV-2026-08-10,PETRONET-SCR-01|PETRONET-PXW-01,High,"Is the dividend covered by normalised FCF after maintenance capex, not by peak earnings? | What structural-decline risk exists in the core end-market? | Is management willing to keep returning capital, on what stated policy?",Annual report cash-flow statement and dividend policy; quarterly results; capex guidance,nan; EPS not normalised for exceptional items at Phase 1 - reported basis only
2026-08-11,Waaree Renewable Technologies Ltd,WAAREERTL,NSE,Main Board,Capital Goods,Capital Goods,911.0,2026-08-10,9503.0,2026-08-10,3-month median daily traded value,18.706,13-week median of weekly traded value / 5,1,,,High-growth company,3y revenue CAGR 112%; 3y EPS CAGR 105%; latest quarter revenue +42% YoY,Earnings-upgrade candidate|Capex commissioning,Stage 4 decline,2026-08-10,203.1979468476148,,83.6,84.0,0.15631691648822268,Mar 2022-Mar 2026,0.9007633587786259,Trailing P/E vs 3-5y EPS CAGR (preliminary),18.7,80.7,3y revenue CAGR 112%; 3y EPS CAGR 105%; latest quarter revenue +42% YoY,Technically in Stage 4 decline,High,NSE-EQL-2026-08-10|NSE-BHAV-2026-08-10,WAAREERTL-SCR-01|WAAREERTL-PXW-01,High,"Is forward growth contracted/visible or extrapolated from a favourable base? | Do unit economics hold as mix shifts, and is growth funded without dilution? | How much of EPS growth is operating vs. below-the-line or tax-rate driven?",Last 4 quarterly results; latest investor presentation; earnings-call transcripts; annual report share-capital and ESOP notes,5y EPS CAGR not computable (negative or zero base year); nan; EPS not normalised for exceptional items at Phase 1 - reported basis only
2026-08-11,National Aluminium Company Ltd,NATIONALUM,NSE,Main Board,Metals & Mining,Metals & Mining,383.0,2026-08-10,70287.0,2026-08-10,3-month median daily traded value,343.667,13-week median of weekly traded value / 5,1,,,Mature value/yield company,dividend yield 3.0%; FCF positive in 4 of last 5 years,Capex commissioning|Peak-cycle risk,Early Stage 2,2026-08-10,14.781199279405822,34.87874494047731,39.6,34.0,0.002777392028884877,Mar 2022-Mar 2026,1.1370491427260738,Trailing P/E vs 3-5y EPS CAGR (preliminary),10.4,80.3,dividend yield 3.0%; FCF positive in 4 of last 5 years,None identified at Phase 1 depth,High,NSE-EQL-2026-08-10|NSE-BHAV-2026-08-10,NATIONALUM-SCR-01|NATIONALUM-PXW-01,High,"Is the dividend covered by normalised FCF after maintenance capex, not by peak earnings? | What structural-decline risk exists in the core end-market? | Is management willing to keep returning capital, on what stated policy?",Annual report cash-flow statement and dividend policy; quarterly results; capex guidance,nan; EPS not normalised for exceptional items at Phase 1 - reported basis only
2026-08-11,R Systems International Ltd,RSYSTEMS,NSE,Main Board,Not disclosed,Not disclosed,246.0,2026-08-10,2902.0,2026-08-10,3-month median daily traded value,8.282,13-week median of weekly traded value / 5,1,,,Quality compounder,5y median ROCE 26%; 5y revenue CAGR 17%; 5y EPS CAGR 18%; cumulative CFO/PAT 1.15,Demerger/SOTP unlocking|Governance risk|Earnings-upgrade candidate|Operating-leverage inflection|Peak-cycle risk,Stage 4 decline,2026-08-10,17.31873075811936,18.123015193169746,19.5,26.0,0.3360655737704918,Dec 2021-Dec 2025,1.1504065040650406,Trailing P/E vs 3-5y EPS CAGR (preliminary),13.8,80.3,5y median ROCE 26%; 5y revenue CAGR 17%; 5y EPS CAGR 18%; cumulative CFO/PAT 1.15,Technically in Stage 4 decline,High,NSE-EQL-2026-08-10|NSE-BHAV-2026-08-10,RSYSTEMS-SCR-01|RSYSTEMS-PXW-01,High,"Is the 5y median ROCE sustained on incremental capital, or inflated by a legacy asset base? | What is the reinvestment runway, and has capital allocation stayed inside the core? | Does cumulative CFO/PAT hold above 0.8 once working-capital swings are normalised?",Latest annual report (MD&A + segment note); last 4 quarterly results; latest investor presentation; last 2 earnings-call transcripts,nan; EPS not normalised for exceptional items at Phase 1 - reported basis only
2026-08-11,Elgi Equipments Ltd,ELGIEQUIP,NSE,Main Board,Capital Goods,Capital Goods,583.0,2026-08-10,18484.0,2026-08-10,3-month median daily traded value,17.903,13-week median of weekly traded value / 5,1,,,Quality compounder,5y median ROCE 22%; 5y revenue CAGR 15%; 5y EPS CAGR 33%; cumulative CFO/PAT 0.83,Demerger/SOTP unlocking|Earnings-upgrade candidate|Capex commissioning|PEAD candidate|Peak-cycle risk,Early Stage 2,2026-08-10,15.478302806434519,33.252530476782425,22.1,22.0,0.23879928315412186,Mar 2022-Mar 2026,0.8318098720292505,Trailing P/E vs 3-5y EPS CAGR (preliminary),47.5,79.7,5y median ROCE 22%; 5y revenue CAGR 15%; 5y EPS CAGR 33%; cumulative CFO/PAT 0.83,None identified at Phase 1 depth,High,NSE-EQL-2026-08-10|NSE-BHAV-2026-08-10,ELGIEQUIP-SCR-01|ELGIEQUIP-PXW-01,High,"Is the 5y median ROCE sustained on incremental capital, or inflated by a legacy asset base? | What is the reinvestment runway, and has capital allocation stayed inside the core? | Does cumulative CFO/PAT hold above 0.8 once working-capital swings are normalised?",Latest annual report (MD&A + segment note); last 4 quarterly results; latest investor presentation; last 2 earnings-call transcripts,nan; EPS not normalised for exceptional items at Phase 1 - reported basis only
2026-08-11,Shipping Corporation of India Ltd,SCI,NSE,Main Board,Services,Services,296.0,2026-08-10,13808.0,2026-08-10,3-month median daily traded value,133.568,13-week median of weekly traded value / 5,1,,,Event-driven or special situation,Demerger / scheme of arrangement disclosed 16-Jul-2025 19:03:57,Demerger/SOTP unlocking|Earnings-upgrade candidate|Operating-leverage inflection|Peak-cycle risk,Early Stage 2,2026-08-10,9.313758124136795,14.224458489960789,14.3,9.0,0.29452506596306066,Mar 2022-Mar 2026,1.3654304923010192,Trailing P/E vs 3-5y EPS CAGR (preliminary),8.53,79.5,Demerger / scheme of arrangement disclosed 16-Jul-2025 19:03:57,None identified at Phase 1 depth,High,NSE-EQL-2026-08-10|NSE-BHAV-2026-08-10,SCI-SCR-01|SCI-PXW-01,High,"What is the disclosed scheme/transaction structure, record date, and regulatory path? | What is the value in completed, delayed and cancelled scenarios, and the probability of each? | What is the downside if the event does not complete at all?",Scheme of arrangement / offer document; stock-exchange intimations; NCLT/SEBI filings; valuation report where disclosed,nan; EPS not normalised for exceptional items at Phase 1 - reported basis only
2026-08-11,Skipper Ltd,SKIPPER,NSE,Main Board,Capital Goods,Capital Goods,529.0,2026-08-10,5966.0,2026-08-10,3-month median daily traded value,34.52,13-week median of weekly traded value / 5,1,,,High-growth company,3y revenue CAGR 41%; 3y EPS CAGR 82%; latest quarter revenue +33% YoY,Earnings-upgrade candidate|Capex commissioning|PEAD candidate|Debt-reduction story|Peak-cycle risk,Early Stage 2,2026-08-10,28.547678775481145,58.271843109911536,23.3,21.0,0.635814889336016,Mar 2022-Mar 2026,1.8415841584158417,Trailing P/E vs 3-5y EPS CAGR (preliminary),27.0,79.5,3y revenue CAGR 41%; 3y EPS CAGR 82%; latest quarter revenue +33% YoY,None identified at Phase 1 depth,High,NSE-EQL-2026-08-10|NSE-BHAV-2026-08-10,SKIPPER-SCR-01|SKIPPER-PXW-01,High,"Is forward growth contracted/visible or extrapolated from a favourable base? | Do unit economics hold as mix shifts, and is growth funded without dilution? | How much of EPS growth is operating vs. below-the-line or tax-rate driven?",Last 4 quarterly results; latest investor presentation; earnings-call transcripts; annual report share-capital and ESOP notes,nan; EPS not normalised for exceptional items at Phase 1 - reported basis only
2026-08-11,Kalyan Jewellers India Ltd,KALYANKJIL,NSE,Main Board,Consumer Durables,Consumer Durables,600.0,2026-08-10,61934.0,2026-08-10,3-month median daily traded value,437.753,13-week median of weekly traded value / 5,1,,,High-growth company,3y revenue CAGR 36%; 3y EPS CAGR 46%; latest quarter revenue +31% YoY,Earnings-upgrade candidate|PEAD candidate|Debt-reduction story,Early Stage 1,2026-08-10,33.04900635697059,,20.5,14.0,0.9695672848311936,Mar 2022-Mar 2026,1.540108564535585,Trailing P/E vs 3-5y EPS CAGR (preliminary),42.3,79.3,3y revenue CAGR 36%; 3y EPS CAGR 46%; latest quarter revenue +31% YoY,None identified at Phase 1 depth,High,NSE-EQL-2026-08-10|NSE-BHAV-2026-08-10,KALYANKJIL-SCR-01|KALYANKJIL-PXW-01,High,"Is forward growth contracted/visible or extrapolated from a favourable base? | Do unit economics hold as mix shifts, and is growth funded without dilution? | How much of EPS growth is operating vs. below-the-line or tax-rate driven?",Last 4 quarterly results; latest investor presentation; earnings-call transcripts; annual report share-capital and ESOP notes,5y EPS CAGR not computable (negative or zero base year); nan; EPS not normalised for exceptional items at Phase 1 - reported basis only
2026-08-11,Neuland Laboratories Ltd,NEULANDLAB,NSE,Main Board,Healthcare,Healthcare,22300.0,2026-08-10,28625.0,2026-08-10,3-month median daily traded value,64.15,13-week median of weekly traded value / 5,1,,,Quality compounder,5y median ROCE 21%; 5y revenue CAGR 17%; 5y EPS CAGR 35%; cumulative CFO/PAT 1.06,Governance risk|Earnings-upgrade candidate|Capex commissioning|Operating-leverage inflection|PEAD candidate,Mature/extended Stage 2,2026-08-10,16.641006457497443,35.180445181962284,26.5,21.0,0.16053333333333333,Mar 2022-Mar 2026,1.0607638888888888,Trailing P/E vs 3-5y EPS CAGR (preliminary),57.5,79.0,5y median ROCE 21%; 5y revenue CAGR 17%; 5y EPS CAGR 35%; cumulative CFO/PAT 1.06,None identified at Phase 1 depth,High,NSE-EQL-2026-08-10|NSE-BHAV-2026-08-10,NEULANDLAB-SCR-01|NEULANDLAB-PXW-01,High,"Is the 5y median ROCE sustained on incremental capital, or inflated by a legacy asset base? | What is the reinvestment runway, and has capital allocation stayed inside the core? | Does cumulative CFO/PAT hold above 0.8 once working-capital swings are normalised?",Latest annual report (MD&A + segment note); last 4 quarterly results; latest investor presentation; last 2 earnings-call transcripts,nan; EPS not normalised for exceptional items at Phase 1 - reported basis only
2026-08-11,Lumax Auto Technologies Ltd,LUMAXTECH,NSE,Main Board,Automobile and Auto Components,Automobile and Auto Components,1741.0,2026-08-10,11867.0,2026-08-10,3-month median daily traded value,21.404,13-week median of weekly traded value / 5,1,,,High-growth company,3y revenue CAGR 38%; 3y EPS CAGR 44%; latest quarter revenue +38% YoY,Governance risk|Demerger/SOTP unlocking|Earnings-upgrade candidate|Debt-reduction story|Peak-cycle risk,Early Stage 2,2026-08-10,34.46146544733322,42.71521838761472,21.2,18.0,1.0165152766308836,Mar 2022-Mar 2026,1.338012958963283,Trailing P/E vs 3-5y EPS CAGR (preliminary),41.9,78.7,3y revenue CAGR 38%; 3y EPS CAGR 44%; latest quarter revenue +38% YoY,None identified at Phase 1 depth,High,NSE-EQL-2026-08-10|NSE-BHAV-2026-08-10,LUMAXTECH-SCR-01|LUMAXTECH-PXW-01,High,"Is forward growth contracted/visible or extrapolated from a favourable base? | Do unit economics hold as mix shifts, and is growth funded without dilution? | How much of EPS growth is operating vs. below-the-line or tax-rate driven?",Last 4 quarterly results; latest investor presentation; earnings-call transcripts; annual report share-capital and ESOP notes,nan; EPS not normalised for exceptional items at Phase 1 - reported basis only
2026-08-11,Pokarna Ltd,POKARNA,NSE,Main Board,Not disclosed,Not disclosed,971.0,2026-08-10,3013.0,2026-08-10,3-month median daily traded value,6.735,13-week median of weekly traded value / 5,1,,,Cyclical recovery,OPM 6.0pp below 5y peak; PAT 57% below 5y peak; quarterly OPM +11.0pp YoY - margin inflecting,Earnings-upgrade candidate|Capex commissioning|Operating-leverage inflection|Margin-recovery candidate|PEAD candidate|Debt-reduction story,Early Stage 2,2026-08-10,14.120277346861187,23.309262965101585,11.5,18.0,0.5344224037339557,Mar 2022-Mar 2026,1.514,Trailing P/E vs 3-5y EPS CAGR (preliminary),31.8,78.6,OPM 6.0pp below 5y peak; PAT 57% below 5y peak; quarterly OPM +11.0pp YoY - margin inflecting,None identified at Phase 1 depth,High,NSE-EQL-2026-08-10|NSE-BHAV-2026-08-10,POKARNA-SCR-01|POKARNA-PXW-01,High,"Where is the cycle versus mid-cycle margin, and what capacity is still being added industry-wide? | Is the improvement demand-led or a one-off inventory/input-cost effect? | Does the balance sheet survive another 4-6 quarters at trough spreads?",Annual report segment/realisation data; quarterly results; industry capacity data; credit-rating rationale,nan; EPS not normalised for exceptional items at Phase 1 - reported basis only
2026-08-11,Rupa & Company Ltd,RUPA,NSE,Main Board,Not disclosed,Not disclosed,166.0,2026-08-10,1315.0,2026-08-10,3-month median daily traded value,1.951,13-week median of weekly traded value / 5,1,,,Cyclical recovery,OPM 11.0pp below 5y peak; PAT 62% below 5y peak; quarterly OPM +5.0pp YoY - margin inflecting,Earnings-upgrade candidate|Operating-leverage inflection|Margin-recovery candidate|PEAD candidate,Early Stage 1,2026-08-10,-0.836419191452642,-16.17826428344662,9.55,10.0,0.24202626641651032,Mar 2022-Mar 2026,0.6985138004246284,Trailing P/E vs 3-5y EPS CAGR (preliminary),17.2,77.8,OPM 11.0pp below 5y peak; PAT 62% below 5y peak; quarterly OPM +5.0pp YoY - margin inflecting,None identified at Phase 1 depth,High,NSE-EQL-2026-08-10|NSE-BHAV-2026-08-10,RUPA-SCR-01|RUPA-PXW-01,High,"Where is the cycle versus mid-cycle margin, and what capacity is still being added industry-wide? | Is the improvement demand-led or a one-off inventory/input-cost effect? | Does the balance sheet survive another 4-6 quarters at trough spreads?",Annual report segment/realisation data; quarterly results; industry capacity data; credit-rating rationale,nan; EPS not normalised for exceptional items at Phase 1 - reported basis only
2026-08-11,Godawari Power & Ispat Ltd,GPIL,NSE,Main Board,Capital Goods,Capital Goods,237.0,2026-08-10,15953.0,2026-08-10,3-month median daily traded value,38.536,13-week median of weekly traded value / 5,1,,,Cyclical recovery,OPM 12.0pp below 5y peak; PAT 45% below 5y peak; quarterly OPM +7.0pp YoY - margin inflecting,Demerger/SOTP unlocking|Governance risk|Earnings-upgrade candidate|Capex commissioning|Operating-leverage inflection|Margin-recovery candidate,Mature Stage 1 base,2026-08-10,6.383719781566888,5.658015455768406,20.4,27.0,0.07626097435014632,Mar 2022-Mar 2026,1.119933485761796,Trailing P/E vs 3-5y EPS CAGR (preliminary),19.5,77.6,OPM 12.0pp below 5y peak; PAT 45% below 5y peak; quarterly OPM +7.0pp YoY - margin inflecting,Equity capital up 82% in 5y - dilution,High,NSE-EQL-2026-08-10|NSE-BHAV-2026-08-10,GPIL-SCR-01|GPIL-PXW-01,High,"Where is the cycle versus mid-cycle margin, and what capacity is still being added industry-wide? | Is the improvement demand-led or a one-off inventory/input-cost effect? | Does the balance sheet survive another 4-6 quarters at trough spreads?",Annual report segment/realisation data; quarterly results; industry capacity data; credit-rating rationale,nan; EPS not normalised for exceptional items at Phase 1 - reported basis only
2026-08-11,Ahluwalia Contracts (India) Ltd,AHLUCONT,NSE,Main Board,Construction,Construction,827.0,2026-08-10,5531.0,2026-08-10,3-month median daily traded value,2.72,13-week median of weekly traded value / 5,1,,,Quality compounder,5y median ROCE 24%; 5y revenue CAGR 18%; 5y EPS CAGR 28%; cumulative CFO/PAT 1.06,Earnings-upgrade candidate,Early Stage 1,2026-08-10,18.159168557417814,28.069502942795733,20.4,24.0,0.035454103933948516,Mar 2022-Mar 2026,1.0604026845637584,Trailing P/E vs 3-5y EPS CAGR (preliminary),20.8,77.6,5y median ROCE 24%; 5y revenue CAGR 18%; 5y EPS CAGR 28%; cumulative CFO/PAT 1.06,None identified at Phase 1 depth,High,NSE-EQL-2026-08-10|NSE-BHAV-2026-08-10,AHLUCONT-SCR-01|AHLUCONT-PXW-01,High,"Is the 5y median ROCE sustained on incremental capital, or inflated by a legacy asset base? | What is the reinvestment runway, and has capital allocation stayed inside the core? | Does cumulative CFO/PAT hold above 0.8 once working-capital swings are normalised?",Latest annual report (MD&A + segment note); last 4 quarterly results; latest investor presentation; last 2 earnings-call transcripts,nan; EPS not normalised for exceptional items at Phase 1 - reported basis only
2026-08-11,Ramco Industries Ltd,RAMCOIND,NSE,Main Board,Not disclosed,Not disclosed,377.0,2026-08-10,3286.0,2026-08-10,3-month median daily traded value,4.725,13-week median of weekly traded value / 5,1,,,Asset-value/SOTP opportunity,balance-sheet investments = 106% of market cap; trades at 0.72x book,Earnings-upgrade candidate|PEAD candidate|Demerger/SOTP unlocking,Early Stage 1,2026-08-10,8.188809253632169,1.8633333740538882,4.57,4.0,0.037815126050420166,Mar 2022-Mar 2026,0.503921568627451,Trailing P/E vs 3-5y EPS CAGR (preliminary),10.4,77.5,balance-sheet investments = 106% of market cap; trades at 0.72x book,Weak cash conversion (cumulative CFO/PAT below 0.6),High,NSE-EQL-2026-08-10|NSE-BHAV-2026-08-10,RAMCOIND-SCR-01|RAMCOIND-PXW-01,High,"What are conservative realisable values for each asset, net of tax leakage and holdco discount? | Is there a disclosed unlocking mechanism with a timeline, or only a static discount? | Does the core operating business earn above its cost of capital, or does it consume the asset value?",Annual report investment schedule and subsidiary financials; scheme documents; related-party transaction note,nan; EPS not normalised for exceptional items at Phase 1 - reported basis only
2026-08-11,Angel One Ltd,ANGELONE,NSE,Main Board,Financial Services,Financial Services,294.0,2026-08-10,26862.0,2026-08-10,3-month median daily traded value,208.871,13-week median of weekly traded value / 5,1,,,Financial compounder,ROE 15.6%; 5y EPS CAGR 23%,Governance risk|Earnings-upgrade candidate|Operating-leverage inflection|Margin-recovery candidate,Early Stage 2,2026-08-10,31.85853204363307,22.58910866690138,15.6,29.0,,Mar 2022-Mar 2026,,P/B vs ROE (preliminary),26.1,77.3,ROE 15.6%; 5y EPS CAGR 23%,None identified at Phase 1 depth,Medium,NSE-EQL-2026-08-10|NSE-BHAV-2026-08-10,ANGELONE-SCR-01|ANGELONE-PXW-01,High,"Is ROE sustainable on current capital, and what dilution is required to fund growth? | What are GNPA/NNPA, provision coverage, and credit-cost trend through the cycle? | What is the funding franchise - cost of funds trajectory and liability mix?",Annual report asset-quality and capital-adequacy disclosures; quarterly investor presentation; credit-rating rationale,nan; EPS not normalised for exceptional items at Phase 1 - reported basis only
2026-08-11,FDC Ltd,FDC,NSE,Main Board,Not disclosed,Not disclosed,360.0,2026-08-10,5861.0,2026-08-10,3-month median daily traded value,8.407,13-week median of weekly traded value / 5,1,,,Cyclical recovery,OPM 9.0pp below 5y peak; quarterly OPM +11.0pp YoY - margin inflecting,Earnings-upgrade candidate|Operating-leverage inflection|Margin-recovery candidate,Mature Stage 1 base,2026-08-10,10.279897453888287,-0.6354764240490862,16.7,16.0,0.006036217303822937,Mar 2022-Mar 2026,0.836104513064133,Trailing P/E vs 3-5y EPS CAGR (preliminary),19.0,77.1,OPM 9.0pp below 5y peak; quarterly OPM +11.0pp YoY - margin inflecting,None identified at Phase 1 depth,High,NSE-EQL-2026-08-10|NSE-BHAV-2026-08-10,FDC-SCR-01|FDC-PXW-01,High,"Where is the cycle versus mid-cycle margin, and what capacity is still being added industry-wide? | Is the improvement demand-led or a one-off inventory/input-cost effect? | Does the balance sheet survive another 4-6 quarters at trough spreads?",Annual report segment/realisation data; quarterly results; industry capacity data; credit-rating rationale,nan; EPS not normalised for exceptional items at Phase 1 - reported basis only
2026-08-11,Waaree Energies Ltd,WAAREEENER,NSE,Main Board,Capital Goods,Capital Goods,2701.0,2026-08-10,78081.0,2026-08-10,3-month median daily traded value,236.503,13-week median of weekly traded value / 5,1,,,Quality compounder,5y median ROCE 39%; 5y revenue CAGR 69%; 5y EPS CAGR 120%; cumulative CFO/PAT 1.22,Governance risk|Earnings-upgrade candidate|Capex commissioning|Peak-cycle risk,Stage 4 decline,2026-08-10,68.51164424681289,120.06116398675077,38.8,39.0,0.22253774761047238,Mar 2022-Mar 2026,1.2194103835116097,Trailing P/E vs 3-5y EPS CAGR (preliminary),19.4,77.1,5y median ROCE 39%; 5y revenue CAGR 69%; 5y EPS CAGR 120%; cumulative CFO/PAT 1.22,Equity capital up 46% in 5y - dilution,High,NSE-EQL-2026-08-10|NSE-BHAV-2026-08-10,WAAREEENER-SCR-01|WAAREEENER-PXW-01,High,"Is the 5y median ROCE sustained on incremental capital, or inflated by a legacy asset base? | What is the reinvestment runway, and has capital allocation stayed inside the core? | Does cumulative CFO/PAT hold above 0.8 once working-capital swings are normalised?",Latest annual report (MD&A + segment note); last 4 quarterly results; latest investor presentation; last 2 earnings-call transcripts,nan; EPS not normalised for exceptional items at Phase 1 - reported basis only
2026-08-11,Atlanta Electricals Ltd,ATLANTAELE,NSE,Main Board,Capital Goods,Capital Goods,1606.0,2026-08-10,12350.0,2026-08-10,3-month median daily traded value,15.595,13-week median of weekly traded value / 5,1,,,High-growth company,3y revenue CAGR 28%; latest quarter revenue +136% YoY,Earnings-upgrade candidate|Operating-leverage inflection|Peak-cycle risk,Early Stage 2,2026-08-10,36.487489311945254,39.99379984823,45.3,45.0,0.05489773950484392,Mar 2022-Mar 2026,0.8343558282208589,Trailing P/E vs 3-5y EPS CAGR (preliminary),56.6,76.9,3y revenue CAGR 28%; latest quarter revenue +136% YoY,None identified at Phase 1 depth,High,NSE-EQL-2026-08-10|NSE-BHAV-2026-08-10,ATLANTAELE-SCR-01|ATLANTAELE-PXW-01,High,"Is forward growth contracted/visible or extrapolated from a favourable base? | Do unit economics hold as mix shifts, and is growth funded without dilution? | How much of EPS growth is operating vs. below-the-line or tax-rate driven?",Last 4 quarterly results; latest investor presentation; earnings-call transcripts; annual report share-capital and ESOP notes,nan; EPS not normalised for exceptional items at Phase 1 - reported basis only
2026-08-11,Finolex Industries Ltd,FINPIPE,NSE,Main Board,Capital Goods,Capital Goods,161.0,2026-08-10,10026.0,2026-08-10,3-month median daily traded value,7.722,13-week median of weekly traded value / 5,1,,,Cyclical recovery,OPM 13.0pp below 5y peak; PAT 43% below 5y peak; quarterly OPM +10.0pp YoY - margin inflecting,Earnings-upgrade candidate|Operating-leverage inflection|Margin-recovery candidate|Demerger/SOTP unlocking,Stage 4 decline,2026-08-10,3.506191532573699,-4.0888514538132466,12.7,11.0,0.07176186645213194,Mar 2022-Mar 2026,0.5851968503937008,Trailing P/E vs 3-5y EPS CAGR (preliminary),16.3,76.8,OPM 13.0pp below 5y peak; PAT 43% below 5y peak; quarterly OPM +10.0pp YoY - margin inflecting,Weak cash conversion (cumulative CFO/PAT below 0.6),High,NSE-EQL-2026-08-10|NSE-BHAV-2026-08-10,FINPIPE-SCR-01|FINPIPE-PXW-01,High,"Where is the cycle versus mid-cycle margin, and what capacity is still being added industry-wide? | Is the improvement demand-led or a one-off inventory/input-cost effect? | Does the balance sheet survive another 4-6 quarters at trough spreads?",Annual report segment/realisation data; quarterly results; industry capacity data; credit-rating rationale,nan; EPS not normalised for exceptional items at Phase 1 - reported basis only
2026-08-11,Great Eastern Shipping Company Ltd,GESHIP,NSE,Main Board,Services,Services,1335.0,2026-08-10,19068.0,2026-08-10,3-month median daily traded value,84.788,13-week median of weekly traded value / 5,1,,,Mature value/yield company,dividend yield 2.6%; FCF positive in 5 of last 5 years,Earnings-upgrade candidate|Operating-leverage inflection|Peak-cycle risk,Stage 3 distribution,2026-08-10,10.141796263430592,26.953245881318644,15.8,16.0,0.0640806461121264,Mar 2022-Mar 2026,1.1351521699981992,Trailing P/E vs 3-5y EPS CAGR (preliminary),5.09,76.7,dividend yield 2.6%; FCF positive in 5 of last 5 years,Technically in Stage 3 distribution,High,NSE-EQL-2026-08-10|NSE-BHAV-2026-08-10,GESHIP-SCR-01|GESHIP-PXW-01,High,"Is the dividend covered by normalised FCF after maintenance capex, not by peak earnings? | What structural-decline risk exists in the core end-market? | Is management willing to keep returning capital, on what stated policy?",Annual report cash-flow statement and dividend policy; quarterly results; capex guidance,nan; EPS not normalised for exceptional items at Phase 1 - reported basis only
2026-08-11,Housing & Urban Development Corporation Ltd,HUDCO,NSE,Main Board,Financial Services,Financial Services,200.0,2026-08-10,39978.0,2026-08-10,3-month median daily traded value,45.401,13-week median of weekly traded value / 5,1,,,Financial compounder,ROE 20.0%; 5y EPS CAGR 21%,Earnings-upgrade candidate|Capex commissioning,Early Stage 1,2026-08-10,12.593707151058142,20.62563413162506,20.0,15.0,,Mar 2022-Mar 2026,,P/B vs ROE (preliminary),9.43,76.5,ROE 20.0%; 5y EPS CAGR 21%,None identified at Phase 1 depth,Medium,NSE-EQL-2026-08-10|NSE-BHAV-2026-08-10,HUDCO-SCR-01|HUDCO-PXW-01,High,"Is ROE sustainable on current capital, and what dilution is required to fund growth? | What are GNPA/NNPA, provision coverage, and credit-cost trend through the cycle? | What is the funding franchise - cost of funds trajectory and liability mix?",Annual report asset-quality and capital-adequacy disclosures; quarterly investor presentation; credit-rating rationale,nan; EPS not normalised for exceptional items at Phase 1 - reported basis only
2026-08-11,Ashiana Housing Ltd,ASHIANA,NSE,Main Board,Not disclosed,Not disclosed,384.0,2026-08-10,3862.0,2026-08-10,3-month median daily traded value,1.947,13-week median of weekly traded value / 5,1,,,High-growth company,3y revenue CAGR 41%; 3y EPS CAGR 63%,Governance risk|Earnings-upgrade candidate|Peak-cycle risk,Early Stage 2,2026-08-10,36.40998867942833,133.2221626160242,14.4,4.0,0.3760186263096624,Mar 2022-Mar 2026,3.0791666666666666,Trailing P/E vs 3-5y EPS CAGR (preliminary),32.8,76.5,3y revenue CAGR 41%; 3y EPS CAGR 63%,None identified at Phase 1 depth,High,NSE-EQL-2026-08-10|NSE-BHAV-2026-08-10,ASHIANA-SCR-01|ASHIANA-PXW-01,High,"Is forward growth contracted/visible or extrapolated from a favourable base? | Do unit economics hold as mix shifts, and is growth funded without dilution? | How much of EPS growth is operating vs. below-the-line or tax-rate driven?",Last 4 quarterly results; latest investor presentation; earnings-call transcripts; annual report share-capital and ESOP notes,nan; EPS not normalised for exceptional items at Phase 1 - reported basis only
2026-08-11,Expleo Solutions Ltd,EXPLEOSOL,NSE,Main Board,Not disclosed,Not disclosed,833.0,2026-08-10,1297.0,2026-08-10,3-month median daily traded value,1.66,13-week median of weekly traded value / 5,1,,,Mature value/yield company,dividend yield 13.2%,Earnings-upgrade candidate|Operating-leverage inflection|Margin-recovery candidate|Governance risk,Early Stage 1,2026-08-10,29.776080353660905,10.180683883064523,24.2,24.0,0.010296010296010296,Mar 2022-Mar 2026,0.8015414258188824,Trailing P/E vs 3-5y EPS CAGR (preliminary),9.8,76.5,dividend yield 13.2%,Equity capital up 60% in 5y - dilution,High,NSE-EQL-2026-08-10|NSE-BHAV-2026-08-10,EXPLEOSOL-SCR-01|EXPLEOSOL-PXW-01,High,"Is the dividend covered by normalised FCF after maintenance capex, not by peak earnings? | What structural-decline risk exists in the core end-market? | Is management willing to keep returning capital, on what stated policy?",Annual report cash-flow statement and dividend policy; quarterly results; capex guidance,nan; EPS not normalised for exceptional items at Phase 1 - reported basis only
2026-08-11,IIFL Capital Services Ltd,IIFLCAPS,NSE,Main Board,Financial Services,Financial Services,334.0,2026-08-10,10505.0,2026-08-10,3-month median daily traded value,15.702,13-week median of weekly traded value / 5,1,,,Financial compounder,ROE 20.2%; 5y EPS CAGR 20%,Regulatory catalyst|Governance risk|Earnings-upgrade candidate,Early Stage 1,2026-08-10,23.53894096479454,19.906872395128406,20.2,26.0,,Mar 2022-Mar 2026,,P/B vs ROE (preliminary),18.4,76.3,ROE 20.2%; 5y EPS CAGR 20%,None identified at Phase 1 depth,Medium,NSE-EQL-2026-08-10|NSE-BHAV-2026-08-10,IIFLCAPS-SCR-01|IIFLCAPS-PXW-01,High,"Is ROE sustainable on current capital, and what dilution is required to fund growth? | What are GNPA/NNPA, provision coverage, and credit-cost trend through the cycle? | What is the funding franchise - cost of funds trajectory and liability mix?",Annual report asset-quality and capital-adequacy disclosures; quarterly investor presentation; credit-rating rationale,nan; EPS not normalised for exceptional items at Phase 1 - reported basis only
2026-08-11,AGI Greenpac Ltd,AGI,NSE,Main Board,Not disclosed,Not disclosed,721.0,2026-08-10,4654.0,2026-08-10,3-month median daily traded value,6.993,13-week median of weekly traded value / 5,1,,,High-growth company,3y EPS CAGR 74%; latest quarter revenue +23% YoY,Earnings-upgrade candidate|PEAD candidate,Early Stage 1,2026-08-10,6.1329617490261334,29.349207208573237,19.6,7.5,0.10012463647694225,Mar 2017-Mar 2026,1.7298474945533768,Trailing P/E vs 3-5y EPS CAGR (preliminary),12.7,76.0,3y EPS CAGR 74%; latest quarter revenue +23% YoY,None identified at Phase 1 depth,High,NSE-EQL-2026-08-10|NSE-BHAV-2026-08-10,AGI-SCR-01|AGI-PXW-01,High,"Is forward growth contracted/visible or extrapolated from a favourable base? | Do unit economics hold as mix shifts, and is growth funded without dilution? | How much of EPS growth is operating vs. below-the-line or tax-rate driven?",Last 4 quarterly results; latest investor presentation; earnings-call transcripts; annual report share-capital and ESOP notes,nan; EPS not normalised for exceptional items at Phase 1 - reported basis only
2026-08-11,Sanghvi Movers Ltd,SANGHVIMOV,NSE,Main Board,Not disclosed,Not disclosed,511.0,2026-08-10,4422.0,2026-08-10,3-month median daily traded value,19.106,13-week median of weekly traded value / 5,1,,,High-growth company,3y revenue CAGR 47%; 3y EPS CAGR 84%; latest quarter revenue +67% YoY,Earnings-upgrade candidate|PEAD candidate,Mature/extended Stage 2,2026-08-10,,,15.6,15.5,0.5141113653699466,Mar 2023-Mar 2026,,Trailing P/E vs 3-5y EPS CAGR (preliminary),21.6,76.0,3y revenue CAGR 47%; 3y EPS CAGR 84%; latest quarter revenue +67% YoY,None identified at Phase 1 depth,Medium,NSE-EQL-2026-08-10|NSE-BHAV-2026-08-10,SANGHVIMOV-SCR-01|SANGHVIMOV-PXW-01,High,"Is forward growth contracted/visible or extrapolated from a favourable base? | Do unit economics hold as mix shifts, and is growth funded without dilution? | How much of EPS growth is operating vs. below-the-line or tax-rate driven?",Last 4 quarterly results; latest investor presentation; earnings-call transcripts; annual report share-capital and ESOP notes,5y revenue CAGR not computable (short/loss-making history); 5y EPS CAGR not computable (negative or zero base year); cumulative CFO/PAT unavailable; nan; EPS not normalised for exceptional items at Phase 1 - reported basis only
2026-08-11,Mayur Uniquoters Ltd,MAYURUNIQ,NSE,Main Board,Not disclosed,Not disclosed,779.0,2026-08-10,3378.0,2026-08-10,3-month median daily traded value,11.128,13-week median of weekly traded value / 5,1,,,Quality compounder,5y median ROCE 19%; 5y revenue CAGR 14%; 5y EPS CAGR 17%; cumulative CFO/PAT 0.81,Earnings-upgrade candidate|Operating-leverage inflection|PEAD candidate|Peak-cycle risk,Early Stage 2,2026-08-10,13.51723958961002,16.99789026522702,24.7,19.0,0.00706090026478376,Mar 2022-Mar 2026,0.8124054462934948,Trailing P/E vs 3-5y EPS CAGR (preliminary),16.3,75.9,5y median ROCE 19%; 5y revenue CAGR 14%; 5y EPS CAGR 17%; cumulative CFO/PAT 0.81,None identified at Phase 1 depth,High,NSE-EQL-2026-08-10|NSE-BHAV-2026-08-10,MAYURUNIQ-SCR-01|MAYURUNIQ-PXW-01,High,"Is the 5y median ROCE sustained on incremental capital, or inflated by a legacy asset base? | What is the reinvestment runway, and has capital allocation stayed inside the core? | Does cumulative CFO/PAT hold above 0.8 once working-capital swings are normalised?",Latest annual report (MD&A + segment note); last 4 quarterly results; latest investor presentation; last 2 earnings-call transcripts,nan; EPS not normalised for exceptional items at Phase 1 - reported basis only
2026-08-11,Oil India Ltd,OIL,NSE,Main Board,Oil Gas & Consumable Fuels,Oil Gas & Consumable Fuels,454.0,2026-08-10,74198.0,2026-08-10,3-month median daily traded value,130.878,13-week median of weekly traded value / 5,1,,,Cyclical recovery,OPM 11.0pp below 5y peak; PAT 23% below 5y peak; quarterly OPM +8.0pp YoY - margin inflecting,Earnings-upgrade candidate|Capex commissioning|Operating-leverage inflection|Margin-recovery candidate|Debt-reduction story|Demerger/SOTP unlocking|Governance risk,Stage 3 distribution,2026-08-10,14.018746212924516,13.414079281679726,11.6,18.0,0.6461835548888774,Mar 2022-Mar 2026,1.4070102768456376,Trailing P/E vs 3-5y EPS CAGR (preliminary),8.89,75.7,OPM 11.0pp below 5y peak; PAT 23% below 5y peak; quarterly OPM +8.0pp YoY - margin inflecting,Equity capital up 50% in 5y - dilution,High,NSE-EQL-2026-08-10|NSE-BHAV-2026-08-10,OIL-SCR-01|OIL-PXW-01,High,"Where is the cycle versus mid-cycle margin, and what capacity is still being added industry-wide? | Is the improvement demand-led or a one-off inventory/input-cost effect? | Does the balance sheet survive another 4-6 quarters at trough spreads?",Annual report segment/realisation data; quarterly results; industry capacity data; credit-rating rationale,nan; EPS not normalised for exceptional items at Phase 1 - reported basis only
2026-08-11,EIH Ltd,EIHOTEL,NSE,Main Board,Consumer Services,Consumer Services,307.0,2026-08-10,19189.0,2026-08-10,3-month median daily traded value,5.671,13-week median of weekly traded value / 5,1,,,High-growth company,3y EPS CAGR 26%; latest quarter revenue +50% YoY,Earnings-upgrade candidate|Operating-leverage inflection,Stage 4 decline,2026-08-10,42.86441799813039,,20.7,21.0,0.04789053591790194,Mar 2022-Mar 2026,1.3360410431808465,Trailing P/E vs 3-5y EPS CAGR (preliminary),26.4,75.2,3y EPS CAGR 26%; latest quarter revenue +50% YoY,Technically in Stage 4 decline,High,NSE-EQL-2026-08-10|NSE-BHAV-2026-08-10,EIHOTEL-SCR-01|EIHOTEL-PXW-01,High,"Is forward growth contracted/visible or extrapolated from a favourable base? | Do unit economics hold as mix shifts, and is growth funded without dilution? | How much of EPS growth is operating vs. below-the-line or tax-rate driven?",Last 4 quarterly results; latest investor presentation; earnings-call transcripts; annual report share-capital and ESOP notes,5y EPS CAGR not computable (negative or zero base year); nan; EPS not normalised for exceptional items at Phase 1 - reported basis only
2026-08-11,Balaji Amines Ltd,BALAMINES,NSE,Main Board,Chemicals,Chemicals,2045.0,2026-08-10,6635.0,2026-08-10,3-month median daily traded value,50.28,13-week median of weekly traded value / 5,1,,,Cyclical recovery,OPM 10.0pp below 5y peak; PAT 60% below 5y peak; quarterly OPM +6.0pp YoY - margin inflecting,Earnings-upgrade candidate|Capex commissioning|Operating-leverage inflection|Margin-recovery candidate|PEAD candidate,Mature/extended Stage 2,2026-08-10,1.6424044816776728,-6.8333122514517175,11.0,17.0,0.0673076923076923,Mar 2022-Mar 2026,0.9732658959537572,Trailing P/E vs 3-5y EPS CAGR (preliminary),32.5,75.1,OPM 10.0pp below 5y peak; PAT 60% below 5y peak; quarterly OPM +6.0pp YoY - margin inflecting,None identified at Phase 1 depth,High,NSE-EQL-2026-08-10|NSE-BHAV-2026-08-10,BALAMINES-SCR-01|BALAMINES-PXW-01,High,"Where is the cycle versus mid-cycle margin, and what capacity is still being added industry-wide? | Is the improvement demand-led or a one-off inventory/input-cost effect? | Does the balance sheet survive another 4-6 quarters at trough spreads?",Annual report segment/realisation data; quarterly results; industry capacity data; credit-rating rationale,nan; EPS not normalised for exceptional items at Phase 1 - reported basis only
2026-08-11,NGL Fine Chem Ltd,NGLFINE,NSE,Main Board,Not disclosed,Not disclosed,3450.0,2026-08-10,2116.0,2026-08-10,3-month median daily traded value,3.641,13-week median of weekly traded value / 5,1,,,Capex operating-leverage candidate,CWIP 58% of net block - build in progress; OPM 15.0pp below 5y peak - absorption yet to come,Earnings-upgrade candidate|Capex commissioning|Operating-leverage inflection|Margin-recovery candidate|PEAD candidate,Mature/extended Stage 2,2026-08-10,14.194083679524194,-3.2300217604088965,18.6,19.0,0.3738601823708207,Mar 2022-Mar 2026,0.8,Trailing P/E vs 3-5y EPS CAGR (preliminary),39.8,74.9,CWIP 58% of net block - build in progress; OPM 15.0pp below 5y peak - absorption yet to come,None identified at Phase 1 depth,High,NSE-EQL-2026-08-10|NSE-BHAV-2026-08-10,NGLFINE-SCR-01|NGLFINE-PXW-01,High,"What exactly has been commissioned, on what date, and at what capex vs. original budget? | What demand evidence exists (orders, nominations, approvals, contracts) for the new capacity? | What are incremental EBITDA margin and incremental ROCE at 50/70/85% utilisation? | How do 6/12/18-month commissioning delays change FY+2 EPS and the debt schedule?",Capex announcements and Reg-30 intimations; annual report CWIP/fixed-asset schedule; investor presentation capacity slides; earnings-call transcripts; credit-rating rationale,nan; EPS not normalised for exceptional items at Phase 1 - reported basis only
2026-08-11,Bank of Maharashtra,MAHABANK,NSE,Main Board,Financial Services,Financial Services,78.9,2026-08-10,60694.0,2026-08-10,3-month median daily traded value,88.485,13-week median of weekly traded value / 5,1,,,Financial compounder,ROE 22.6%; 5y EPS CAGR 60%,Demerger/SOTP unlocking|Peak-cycle risk|Governance risk|Value-trap risk,Early Stage 2,2026-08-10,19.794621944845293,59.99083946835968,22.6,20.0,,Mar 2022-Mar 2026,,P/B vs ROE (preliminary),8.06,74.4,ROE 22.6%; 5y EPS CAGR 60%,Promoter stake down 6.0pp over 4 quarters,Low,NSE-EQL-2026-08-10|NSE-BHAV-2026-08-10,MAHABANK-SCR-01|MAHABANK-PXW-01,High,"Is ROE sustainable on current capital, and what dilution is required to fund growth? | What are GNPA/NNPA, provision coverage, and credit-cost trend through the cycle? | What is the funding franchise - cost of funds trajectory and liability mix?",Annual report asset-quality and capital-adequacy disclosures; quarterly investor presentation; credit-rating rationale,Other income >35% of PBT - EPS provisional; EPS not normalised for exceptional items at Phase 1 - reported basis only
2026-08-11,Birla Corporation Ltd,BIRLACORPN,NSE,Main Board,Construction Materials,Construction Materials,899.0,2026-08-10,6921.0,2026-08-10,3-month median daily traded value,6.474,13-week median of weekly traded value / 5,1,,,High-growth company,3y EPS CAGR 140%; latest quarter revenue +29% YoY,Earnings-upgrade candidate|Operating-leverage inflection|Margin-recovery candidate|Debt-reduction story,Stage 4 decline,2026-08-10,7.3122945431264075,-2.4163183373928643,9.78,8.0,0.46042090970807875,Mar 2022-Mar 2026,3.5510799766491536,Trailing P/E vs 3-5y EPS CAGR (preliminary),12.4,74.4,3y EPS CAGR 140%; latest quarter revenue +29% YoY,Technically in Stage 4 decline,High,NSE-EQL-2026-08-10|NSE-BHAV-2026-08-10,BIRLACORPN-SCR-01|BIRLACORPN-PXW-01,High,"Is forward growth contracted/visible or extrapolated from a favourable base? | Do unit economics hold as mix shifts, and is growth funded without dilution? | How much of EPS growth is operating vs. below-the-line or tax-rate driven?",Last 4 quarterly results; latest investor presentation; earnings-call transcripts; annual report share-capital and ESOP notes,nan; EPS not normalised for exceptional items at Phase 1 - reported basis only
2026-08-11,Coforge Ltd,COFORGE,NSE,Main Board,Information Technology,Information Technology,1800.0,2026-08-10,79771.0,2026-08-10,3-month median daily traded value,361.239,13-week median of weekly traded value / 5,1,,,Quality compounder,5y median ROCE 29%; 5y revenue CAGR 29%; 5y EPS CAGR 25%; cumulative CFO/PAT 1.13,Demerger/SOTP unlocking|Governance risk|Earnings-upgrade candidate|PEAD candidate|Peak-cycle risk,Early Stage 1,2026-08-10,28.603140399598637,25.234184704693675,23.5,29.0,0.07633427702631855,Mar 2022-Mar 2026,1.1348201727948564,Trailing P/E vs 3-5y EPS CAGR (preliminary),41.6,74.4,5y median ROCE 29%; 5y revenue CAGR 29%; 5y EPS CAGR 25%; cumulative CFO/PAT 1.13,None identified at Phase 1 depth,Medium,NSE-EQL-2026-08-10|NSE-BHAV-2026-08-10,COFORGE-SCR-01|COFORGE-PXW-01,High,"Is the 5y median ROCE sustained on incremental capital, or inflated by a legacy asset base? | What is the reinvestment runway, and has capital allocation stayed inside the core? | Does cumulative CFO/PAT hold above 0.8 once working-capital swings are normalised?",Latest annual report (MD&A + segment note); last 4 quarterly results; latest investor presentation; last 2 earnings-call transcripts,nan; EPS not normalised for exceptional items at Phase 1 - reported basis only
2026-08-11,Triveni Turbine Ltd,TRITURBINE,NSE,Main Board,Capital Goods,Capital Goods,634.0,2026-08-10,20161.0,2026-08-10,3-month median daily traded value,51.263,13-week median of weekly traded value / 5,1,,,Quality compounder,5y median ROCE 36%; 5y revenue CAGR 25%; 5y EPS CAGR 28%; cumulative CFO/PAT 0.83,Earnings-upgrade candidate,Early Stage 2,2026-08-10,25.412281357863222,28.252749570841807,35.9,36.0,0.024896265560165973,Mar 2022-Mar 2026,0.8319444444444445,Trailing P/E vs 3-5y EPS CAGR (preliminary),55.8,74.2,5y median ROCE 36%; 5y revenue CAGR 25%; 5y EPS CAGR 28%; cumulative CFO/PAT 0.83,None identified at Phase 1 depth,High,NSE-EQL-2026-08-10|NSE-BHAV-2026-08-10,TRITURBINE-SCR-01|TRITURBINE-PXW-01,Medium,"Is the 5y median ROCE sustained on incremental capital, or inflated by a legacy asset base? | What is the reinvestment runway, and has capital allocation stayed inside the core? | Does cumulative CFO/PAT hold above 0.8 once working-capital swings are normalised?",Latest annual report (MD&A + segment note); last 4 quarterly results; latest investor presentation; last 2 earnings-call transcripts,nan; EPS not normalised for exceptional items at Phase 1 - reported basis only
2026-08-11,Newgen Software Technologies Ltd,NEWGEN,NSE,Main Board,Information Technology,Information Technology,563.0,2026-08-10,8019.0,2026-08-10,3-month median daily traded value,52.336,13-week median of weekly traded value / 5,1,,,Quality compounder,5y median ROCE 27%; 5y revenue CAGR 19%; 5y EPS CAGR 19%; cumulative CFO/PAT 0.83,Earnings-upgrade candidate|Operating-leverage inflection|Margin-recovery candidate|PEAD candidate|Governance risk,Early Stage 1,2026-08-10,18.521716555279767,18.5226171359268,25.0,27.0,0.021947101857062466,Mar 2022-Mar 2026,0.8329197684036393,Trailing P/E vs 3-5y EPS CAGR (preliminary),23.4,74.2,5y median ROCE 27%; 5y revenue CAGR 19%; 5y EPS CAGR 19%; cumulative CFO/PAT 0.83,Equity capital up 104% in 5y - dilution,High,NSE-EQL-2026-08-10|NSE-BHAV-2026-08-10,NEWGEN-SCR-01|NEWGEN-PXW-01,Medium,"Is the 5y median ROCE sustained on incremental capital, or inflated by a legacy asset base? | What is the reinvestment runway, and has capital allocation stayed inside the core? | Does cumulative CFO/PAT hold above 0.8 once working-capital swings are normalised?",Latest annual report (MD&A + segment note); last 4 quarterly results; latest investor presentation; last 2 earnings-call transcripts,nan; EPS not normalised for exceptional items at Phase 1 - reported basis only
2026-08-11,Supreme Petrochem Ltd,SPLPETRO,NSE,Main Board,Chemicals,Chemicals,694.0,2026-08-10,13064.0,2026-08-10,3-month median daily traded value,3.929,13-week median of weekly traded value / 5,1,,,Mature value/yield company,dividend yield 1.5%; FCF positive in 5 of last 5 years,Earnings-upgrade candidate|Operating-leverage inflection|Peak-cycle risk,Early Stage 2,2026-08-10,30.432736119987847,82.7079896110873,,19.0,0.055952881783761045,Jun 2007-Mar 2026,1.021551724137931,Trailing P/E vs 3-5y EPS CAGR (preliminary),26.5,74.0,dividend yield 1.5%; FCF positive in 5 of last 5 years,None identified at Phase 1 depth,High,NSE-EQL-2026-08-10|NSE-BHAV-2026-08-10,SPLPETRO-SCR-01|SPLPETRO-PXW-01,Medium,"Is the dividend covered by normalised FCF after maintenance capex, not by peak earnings? | What structural-decline risk exists in the core end-market? | Is management willing to keep returning capital, on what stated policy?",Annual report cash-flow statement and dividend policy; quarterly results; capex guidance,nan; EPS not normalised for exceptional items at Phase 1 - reported basis only
2026-08-11,Force Motors Ltd,FORCEMOT,NSE,Main Board,Automobile and Auto Components,Automobile and Auto Components,18231.0,2026-08-10,24009.0,2026-08-10,3-month median daily traded value,164.466,13-week median of weekly traded value / 5,1,,,High-growth company,3y revenue CAGR 22%; 3y EPS CAGR 109%; latest quarter revenue +23% YoY,Peak-cycle risk,Mature Stage 1 base,2026-08-10,35.429600556913776,,36.1,24.0,0.0,Mar 2022-Mar 2026,1.5679214402618658,Trailing P/E vs 3-5y EPS CAGR (preliminary),21.8,73.8,3y revenue CAGR 22%; 3y EPS CAGR 109%; latest quarter revenue +23% YoY,None identified at Phase 1 depth,High,NSE-EQL-2026-08-10|NSE-BHAV-2026-08-10,FORCEMOT-SCR-01|FORCEMOT-PXW-01,Medium,"Is forward growth contracted/visible or extrapolated from a favourable base? | Do unit economics hold as mix shifts, and is growth funded without dilution? | How much of EPS growth is operating vs. below-the-line or tax-rate driven?",Last 4 quarterly results; latest investor presentation; earnings-call transcripts; annual report share-capital and ESOP notes,5y EPS CAGR not computable (negative or zero base year); nan; EPS not normalised for exceptional items at Phase 1 - reported basis only
2026-08-11,Hindustan Copper Ltd,HINDCOPPER,NSE,Main Board,Metals & Mining,Metals & Mining,527.0,2026-08-10,50948.0,2026-08-10,3-month median daily traded value,168.712,13-week median of weekly traded value / 5,1,,,Capex operating-leverage candidate,CWIP 39% of net block - build in progress,Earnings-upgrade candidate|Capex commissioning|Operating-leverage inflection|Peak-cycle risk,Stage 3 distribution,2026-08-10,11.48817660225896,51.507917496174514,42.5,18.0,0.03320370924319473,Mar 2022-Mar 2026,1.739778534923339,Trailing P/E vs 3-5y EPS CAGR (preliminary),42.2,73.7,CWIP 39% of net block - build in progress,Technically in Stage 3 distribution,High,NSE-EQL-2026-08-10|NSE-BHAV-2026-08-10,HINDCOPPER-SCR-01|HINDCOPPER-PXW-01,Medium,"What exactly has been commissioned, on what date, and at what capex vs. original budget? | What demand evidence exists (orders, nominations, approvals, contracts) for the new capacity? | What are incremental EBITDA margin and incremental ROCE at 50/70/85% utilisation? | How do 6/12/18-month commissioning delays change FY+2 EPS and the debt schedule?",Capex announcements and Reg-30 intimations; annual report CWIP/fixed-asset schedule; investor presentation capacity slides; earnings-call transcripts; credit-rating rationale,nan; EPS not normalised for exceptional items at Phase 1 - reported basis only
2026-08-11,International Gemological Institute Limited,IGIL,NSE,Main Board,Services,Services,353.0,2026-08-10,15255.0,2026-08-10,3-month median daily traded value,21.492,13-week median of weekly traded value / 5,1,,,Cyclical recovery,OPM 11.0pp below 5y peak; quarterly OPM +6.0pp YoY - margin inflecting,Earnings-upgrade candidate|Operating-leverage inflection|Margin-recovery candidate,Early Stage 2,2026-08-10,,,69.2,113.5,0.0961021505376344,Dec 2022-Dec 2024,,Trailing P/E vs 3-5y EPS CAGR (preliminary),25.1,73.7,OPM 11.0pp below 5y peak; quarterly OPM +6.0pp YoY - margin inflecting,None identified at Phase 1 depth,Medium,NSE-EQL-2026-08-10|NSE-BHAV-2026-08-10,IGIL-SCR-01|IGIL-PXW-01,Medium,"Where is the cycle versus mid-cycle margin, and what capacity is still being added industry-wide? | Is the improvement demand-led or a one-off inventory/input-cost effect? | Does the balance sheet survive another 4-6 quarters at trough spreads?",Annual report segment/realisation data; quarterly results; industry capacity data; credit-rating rationale,5y revenue CAGR not computable (short/loss-making history); 5y EPS CAGR not computable (negative or zero base year); cumulative CFO/PAT unavailable; nan; EPS not normalised for exceptional items at Phase 1 - reported basis only
2026-08-11,Knowledge Marine & Engineering Works Ltd,KMEW,NSE,Main Board,Not disclosed,Not disclosed,2605.0,2026-08-10,6607.0,2026-08-10,3-month median daily traded value,24.777,13-week median of weekly traded value / 5,1,,,Quality compounder,5y median ROCE 25%; 5y revenue CAGR 51%; 5y EPS CAGR 59%; cumulative CFO/PAT 0.99,Governance risk|Earnings-upgrade candidate|Capex commissioning|PEAD candidate|Overvalued quality,Mature/extended Stage 2,2026-08-10,50.64169896392703,58.92549860172911,16.3,25.0,0.3894736842105263,Mar 2022-Mar 2026,0.9868995633187773,Trailing P/E vs 3-5y EPS CAGR (preliminary),83.8,73.6,5y median ROCE 25%; 5y revenue CAGR 51%; 5y EPS CAGR 59%; cumulative CFO/PAT 0.99,Promoter stake down 9.1pp over 4 quarters,High,NSE-EQL-2026-08-10|NSE-BHAV-2026-08-10,KMEW-SCR-01|KMEW-PXW-01,Medium,"Is the 5y median ROCE sustained on incremental capital, or inflated by a legacy asset base? | What is the reinvestment runway, and has capital allocation stayed inside the core? | Does cumulative CFO/PAT hold above 0.8 once working-capital swings are normalised?",Latest annual report (MD&A + segment note); last 4 quarterly results; latest investor presentation; last 2 earnings-call transcripts,nan; EPS not normalised for exceptional items at Phase 1 - reported basis only
2026-08-11,Jay Bharat Maruti Ltd,JAYBARMARU,NSE,Main Board,Not disclosed,Not disclosed,132.0,2026-08-10,1433.0,2026-08-10,3-month median daily traded value,15.005,13-week median of weekly traded value / 5,1,,,Event-driven or special situation,Delisting disclosed 20-May-2026 15:07:28,Regulatory catalyst|Earnings-upgrade candidate|PEAD candidate|Debt-reduction story|Peak-cycle risk|Governance risk,Early Stage 2,2026-08-10,11.219711744438875,39.750982193379826,16.6,10.0,0.7629310344827587,Mar 2022-Mar 2026,3.114391143911439,Trailing P/E vs 3-5y EPS CAGR (preliminary),10.4,73.5,Delisting disclosed 20-May-2026 15:07:28,Equity capital up 100% in 5y - dilution,High,NSE-EQL-2026-08-10|NSE-BHAV-2026-08-10,JAYBARMARU-SCR-01|JAYBARMARU-PXW-01,Medium,"What is the disclosed scheme/transaction structure, record date, and regulatory path? | What is the value in completed, delayed and cancelled scenarios, and the probability of each? | What is the downside if the event does not complete at all?",Scheme of arrangement / offer document; stock-exchange intimations; NCLT/SEBI filings; valuation report where disclosed,nan; EPS not normalised for exceptional items at Phase 1 - reported basis only
2026-08-11,Cholamandalam Financial Holdings Ltd,CHOLAHLDNG,NSE,Main Board,Financial Services,Financial Services,1621.0,2026-08-10,30439.0,2026-08-10,3-month median daily traded value,24.46,13-week median of weekly traded value / 5,1,,,Financial compounder,ROE 17.5%; 5y EPS CAGR 24%,Earnings-upgrade candidate|Demerger/SOTP unlocking,Early Stage 1,2026-08-10,23.014612784339803,24.23475589865025,17.5,18.0,,Mar 2022-Mar 2026,,P/B vs ROE (preliminary),12.4,73.4,ROE 17.5%; 5y EPS CAGR 24%,None identified at Phase 1 depth,Medium,NSE-EQL-2026-08-10|NSE-BHAV-2026-08-10,CHOLAHLDNG-SCR-01|CHOLAHLDNG-PXW-01,Medium,"Is ROE sustainable on current capital, and what dilution is required to fund growth? | What are GNPA/NNPA, provision coverage, and credit-cost trend through the cycle? | What is the funding franchise - cost of funds trajectory and liability mix?",Annual report asset-quality and capital-adequacy disclosures; quarterly investor presentation; credit-rating rationale,nan; EPS not normalised for exceptional items at Phase 1 - reported basis only
2026-08-11,Deepak Nitrite Ltd,DEEPAKNTR,NSE,Main Board,Chemicals,Chemicals,1779.0,2026-08-10,24280.0,2026-08-10,3-month median daily traded value,24.226,13-week median of weekly traded value / 5,1,,,Cyclical recovery,OPM 16.0pp below 5y peak; PAT 48% below 5y peak; quarterly OPM +7.0pp YoY - margin inflecting,Earnings-upgrade candidate|Capex commissioning|Operating-leverage inflection|Margin-recovery candidate,Early Stage 1,2026-08-10,12.586176461691267,-6.6319445509576465,11.4,22.0,0.2806236080178174,Mar 2022-Mar 2026,0.8828557063851181,Trailing P/E vs 3-5y EPS CAGR (preliminary),30.6,73.3,OPM 16.0pp below 5y peak; PAT 48% below 5y peak; quarterly OPM +7.0pp YoY - margin inflecting,None identified at Phase 1 depth,High,NSE-EQL-2026-08-10|NSE-BHAV-2026-08-10,DEEPAKNTR-SCR-01|DEEPAKNTR-PXW-01,Medium,"Where is the cycle versus mid-cycle margin, and what capacity is still being added industry-wide? | Is the improvement demand-led or a one-off inventory/input-cost effect? | Does the balance sheet survive another 4-6 quarters at trough spreads?",Annual report segment/realisation data; quarterly results; industry capacity data; credit-rating rationale,nan; EPS not normalised for exceptional items at Phase 1 - reported basis only
2026-08-11,KEI Industries Ltd,KEI,NSE,Main Board,Capital Goods,Capital Goods,5645.0,2026-08-10,53727.0,2026-08-10,3-month median daily traded value,148.663,13-week median of weekly traded value / 5,1,,,Quality compounder,5y median ROCE 24%; 5y revenue CAGR 23%; 5y EPS CAGR 26%,Regulatory catalyst|Earnings-upgrade candidate|Capex commissioning,Early Stage 2,2026-08-10,22.946446770755948,25.934022660665335,20.1,24.0,0.03795948987246812,Mar 2022-Mar 2026,0.708989501312336,Trailing P/E vs 3-5y EPS CAGR (preliminary),53.9,73.3,5y median ROCE 24%; 5y revenue CAGR 23%; 5y EPS CAGR 26%,None identified at Phase 1 depth,High,NSE-EQL-2026-08-10|NSE-BHAV-2026-08-10,KEI-SCR-01|KEI-PXW-01,Medium,"Is the 5y median ROCE sustained on incremental capital, or inflated by a legacy asset base? | What is the reinvestment runway, and has capital allocation stayed inside the core? | Does cumulative CFO/PAT hold above 0.8 once working-capital swings are normalised?",Latest annual report (MD&A + segment note); last 4 quarterly results; latest investor presentation; last 2 earnings-call transcripts,nan; EPS not normalised for exceptional items at Phase 1 - reported basis only
2026-08-11,Persistent Systems Ltd,PERSISTENT,NSE,Main Board,Information Technology,Information Technology,5435.0,2026-08-10,85737.0,2026-08-10,3-month median daily traded value,315.001,13-week median of weekly traded value / 5,1,,,Quality compounder,5y median ROCE 30%; 5y revenue CAGR 29%; 5y EPS CAGR 32%; cumulative CFO/PAT 1.01,Peak-cycle risk,Early Stage 1,2026-08-10,28.630894929640572,32.02009534992738,34.4,30.0,0.06085736157182955,Mar 2022-Mar 2026,1.0097168704975708,Trailing P/E vs 3-5y EPS CAGR (preliminary),43.1,73.3,5y median ROCE 30%; 5y revenue CAGR 29%; 5y EPS CAGR 32%; cumulative CFO/PAT 1.01,None identified at Phase 1 depth,High,NSE-EQL-2026-08-10|NSE-BHAV-2026-08-10,PERSISTENT-SCR-01|PERSISTENT-PXW-01,Medium,"Is the 5y median ROCE sustained on incremental capital, or inflated by a legacy asset base? | What is the reinvestment runway, and has capital allocation stayed inside the core? | Does cumulative CFO/PAT hold above 0.8 once working-capital swings are normalised?",Latest annual report (MD&A + segment note); last 4 quarterly results; latest investor presentation; last 2 earnings-call transcripts,nan; EPS not normalised for exceptional items at Phase 1 - reported basis only
2026-08-11,SPML Infra Ltd,SPMLINFRA,NSE,Main Board,Not disclosed,Not disclosed,183.0,2026-08-10,1534.0,2026-08-10,3-month median daily traded value,5.68,13-week median of weekly traded value / 5,1,,,Capex operating-leverage candidate,CWIP 149% of net block - build in progress,Regulatory catalyst|Governance risk|Earnings-upgrade candidate|Capex commissioning|Operating-leverage inflection|Peak-cycle risk,Early Stage 1,2026-08-10,4.910704710387193,,6.76,4.0,0.3772391991570074,Mar 2022-Mar 2026,3.2892561983471076,Trailing P/E vs 3-5y EPS CAGR (preliminary),20.5,73.2,CWIP 149% of net block - build in progress,Equity capital up 112% in 5y - dilution,High,NSE-EQL-2026-08-10|NSE-BHAV-2026-08-10,SPMLINFRA-SCR-01|SPMLINFRA-PXW-01,Medium,"What exactly has been commissioned, on what date, and at what capex vs. original budget? | What demand evidence exists (orders, nominations, approvals, contracts) for the new capacity? | What are incremental EBITDA margin and incremental ROCE at 50/70/85% utilisation? | How do 6/12/18-month commissioning delays change FY+2 EPS and the debt schedule?",Capex announcements and Reg-30 intimations; annual report CWIP/fixed-asset schedule; investor presentation capacity slides; earnings-call transcripts; credit-rating rationale,5y EPS CAGR not computable (negative or zero base year); nan; EPS not normalised for exceptional items at Phase 1 - reported basis only
2026-08-11,Tanla Platforms Ltd,TANLA,NSE,Main Board,Information Technology,Information Technology,630.0,2026-08-10,8347.0,2026-08-10,3-month median daily traded value,31.958,13-week median of weekly traded value / 5,1,,,Event-driven or special situation,Buyback disclosed 17-Jul-2025 13:06:41; Demerger / scheme of arrangement disclosed 27-Nov-2025 20:06:21; Open offer / control change disclosed 28-Jul-2025 15:16:41,Regulatory catalyst|Demerger/SOTP unlocking,Early Stage 1,2026-08-10,13.544175117793289,7.956723198631588,26.3,38.0,0.02130225080385852,Mar 2022-Mar 2026,0.9952959623676989,Trailing P/E vs 3-5y EPS CAGR (preliminary),15.7,73.1,Buyback disclosed 17-Jul-2025 13:06:41; Demerger / scheme of arrangement disclosed 27-Nov-2025 20:06:21; Open offer / control change disclosed 28-Jul-2025 15:16:41,None identified at Phase 1 depth,High,NSE-EQL-2026-08-10|NSE-BHAV-2026-08-10,TANLA-SCR-01|TANLA-PXW-01,Medium,"What is the disclosed scheme/transaction structure, record date, and regulatory path? | What is the value in completed, delayed and cancelled scenarios, and the probability of each? | What is the downside if the event does not complete at all?",Scheme of arrangement / offer document; stock-exchange intimations; NCLT/SEBI filings; valuation report where disclosed,nan; EPS not normalised for exceptional items at Phase 1 - reported basis only
2026-08-11,SRM Contractors Ltd,SRM,NSE,Main Board,Not disclosed,Not disclosed,514.0,2026-08-10,1179.0,2026-08-10,3-month median daily traded value,4.568,13-week median of weekly traded value / 5,1,,,Quality compounder,5y median ROCE 33%; 5y revenue CAGR 45%,Governance risk|Earnings-upgrade candidate|Operating-leverage inflection|Peak-cycle risk,Early Stage 1,2026-08-10,45.01251196149343,-38.34992751175188,37.1,33.0,0.3638814016172507,Mar 2022-Mar 2026,0.6,Trailing P/E vs 3-5y EPS CAGR (preliminary),10.6,73.1,5y median ROCE 33%; 5y revenue CAGR 45%,Equity capital up 1050% in 5y - dilution,High,NSE-EQL-2026-08-10|NSE-BHAV-2026-08-10,SRM-SCR-01|SRM-PXW-01,Medium,"Is the 5y median ROCE sustained on incremental capital, or inflated by a legacy asset base? | What is the reinvestment runway, and has capital allocation stayed inside the core? | Does cumulative CFO/PAT hold above 0.8 once working-capital swings are normalised?",Latest annual report (MD&A + segment note); last 4 quarterly results; latest investor presentation; last 2 earnings-call transcripts,nan; EPS not normalised for exceptional items at Phase 1 - reported basis only
2026-08-11,Fiem Industries Ltd,FIEMIND,NSE,Main Board,Automobile and Auto Components,Automobile and Auto Components,2535.0,2026-08-10,6668.0,2026-08-10,3-month median daily traded value,10.512,13-week median of weekly traded value / 5,1,,,Quality compounder,5y median ROCE 27%; 5y revenue CAGR 18%; 5y EPS CAGR 40%; cumulative CFO/PAT 0.87,PEAD candidate|Peak-cycle risk|Governance risk,Early Stage 2,2026-08-10,18.190725168479926,40.4795538696981,29.3,27.0,0.05432098765432099,Mar 2022-Mar 2026,0.8734030197444832,Trailing P/E vs 3-5y EPS CAGR (preliminary),26.2,73.1,5y median ROCE 27%; 5y revenue CAGR 18%; 5y EPS CAGR 40%; cumulative CFO/PAT 0.87,Promoter stake down 4.5pp over 4 quarters,High,NSE-EQL-2026-08-10|NSE-BHAV-2026-08-10,FIEMIND-SCR-01|FIEMIND-PXW-01,Medium,"Is the 5y median ROCE sustained on incremental capital, or inflated by a legacy asset base? | What is the reinvestment runway, and has capital allocation stayed inside the core? | Does cumulative CFO/PAT hold above 0.8 once working-capital swings are normalised?",Latest annual report (MD&A + segment note); last 4 quarterly results; latest investor presentation; last 2 earnings-call transcripts,nan; EPS not normalised for exceptional items at Phase 1 - reported basis only
2026-08-11,Nippon Life India Asset Management Ltd,NAM-INDIA,NSE,Main Board,Financial Services,Financial Services,1174.0,2026-08-10,73984.0,2026-08-10,3-month median daily traded value,104.392,13-week median of weekly traded value / 5,1,,,Financial compounder,ROE 34.5%; 5y EPS CAGR 17%,Operating-leverage inflection|Peak-cycle risk,Early Stage 2,2026-08-10,15.557728012426564,16.772288646694,34.5,28.0,,Mar 2022-Mar 2026,,P/B vs ROE (preliminary),45.2,73.0,ROE 34.5%; 5y EPS CAGR 17%,None identified at Phase 1 depth,Medium,NSE-EQL-2026-08-10|NSE-BHAV-2026-08-10,NAM-INDIA-SCR-01|NAM-INDIA-PXW-01,Medium,"Is ROE sustainable on current capital, and what dilution is required to fund growth? | What are GNPA/NNPA, provision coverage, and credit-cost trend through the cycle? | What is the funding franchise - cost of funds trajectory and liability mix?",Annual report asset-quality and capital-adequacy disclosures; quarterly investor presentation; credit-rating rationale,nan; EPS not normalised for exceptional items at Phase 1 - reported basis only
2026-08-11,The Bombay Burmah Trading Corporation Ltd,BBTC,NSE,Main Board,Fast Moving Consumer Goods,Fast Moving Consumer Goods,1528.0,2026-08-10,10655.0,2026-08-10,3-month median daily traded value,3.822,13-week median of weekly traded value / 5,1,,,Quality compounder,5y median ROCE 28%; 5y EPS CAGR 27%; cumulative CFO/PAT 1.58,Demerger/SOTP unlocking|Peak-cycle risk,Stage 4 decline,2026-08-10,7.841380520890051,27.450982757909802,33.0,28.0,0.2257881283726214,Mar 2022-Mar 2026,1.5783548483938756,Trailing P/E vs 3-5y EPS CAGR (preliminary),9.01,73.0,5y median ROCE 28%; 5y EPS CAGR 27%; cumulative CFO/PAT 1.58,Technically in Stage 4 decline,High,NSE-EQL-2026-08-10|NSE-BHAV-2026-08-10,BBTC-SCR-01|BBTC-PXW-01,Medium,"Is the 5y median ROCE sustained on incremental capital, or inflated by a legacy asset base? | What is the reinvestment runway, and has capital allocation stayed inside the core? | Does cumulative CFO/PAT hold above 0.8 once working-capital swings are normalised?",Latest annual report (MD&A + segment note); last 4 quarterly results; latest investor presentation; last 2 earnings-call transcripts,nan; EPS not normalised for exceptional items at Phase 1 - reported basis only
2026-08-11,MSTC Ltd,MSTCLTD,NSE,Main Board,Services,Services,582.0,2026-08-10,4105.0,2026-08-10,3-month median daily traded value,26.263,13-week median of weekly traded value / 5,1,,,Quality compounder,5y median ROCE 31%,Earnings-upgrade candidate|Operating-leverage inflection|PEAD candidate|Peak-cycle risk,Early Stage 2,2026-08-10,-13.856715974541023,14.093616842292779,30.3,31.0,0.16039823008849557,Mar 2022-Mar 2026,0.7822908204711616,Trailing P/E vs 3-5y EPS CAGR (preliminary),18.8,72.9,5y median ROCE 31%,None identified at Phase 1 depth,High,NSE-EQL-2026-08-10|NSE-BHAV-2026-08-10,MSTCLTD-SCR-01|MSTCLTD-PXW-01,Medium,"Is the 5y median ROCE sustained on incremental capital, or inflated by a legacy asset base? | What is the reinvestment runway, and has capital allocation stayed inside the core? | Does cumulative CFO/PAT hold above 0.8 once working-capital swings are normalised?",Latest annual report (MD&A + segment note); last 4 quarterly results; latest investor presentation; last 2 earnings-call transcripts,nan; EPS not normalised for exceptional items at Phase 1 - reported basis only
2026-08-11,BEML Ltd,BEML,NSE,Main Board,Capital Goods,Capital Goods,1882.0,2026-08-10,15666.0,2026-08-10,3-month median daily traded value,35.051,13-week median of weekly traded value / 5,1,,,Cyclical recovery,OPM 6.0pp below 5y peak; PAT 52% below 5y peak; quarterly OPM +6.0pp YoY - margin inflecting,Earnings-upgrade candidate|Capex commissioning|Operating-leverage inflection|Margin-recovery candidate,Early Stage 1,2026-08-10,4.112060946131946,15.460987233105673,7.71,10.0,0.10531697341513292,Mar 2022-Mar 2026,1.3659022931206382,Trailing P/E vs 3-5y EPS CAGR (preliminary),87.8,72.8,OPM 6.0pp below 5y peak; PAT 52% below 5y peak; quarterly OPM +6.0pp YoY - margin inflecting,None identified at Phase 1 depth,High,NSE-EQL-2026-08-10|NSE-BHAV-2026-08-10,BEML-SCR-01|BEML-PXW-01,Medium,"Where is the cycle versus mid-cycle margin, and what capacity is still being added industry-wide? | Is the improvement demand-led or a one-off inventory/input-cost effect? | Does the balance sheet survive another 4-6 quarters at trough spreads?",Annual report segment/realisation data; quarterly results; industry capacity data; credit-rating rationale,nan; EPS not normalised for exceptional items at Phase 1 - reported basis only
2026-08-11,Nuvoco Vistas Corporation Ltd,NUVOCO,NSE,Main Board,Construction Materials,Construction Materials,338.0,2026-08-10,12067.0,2026-08-10,3-month median daily traded value,9.746,13-week median of weekly traded value / 5,1,,,High-growth company,3y EPS CAGR 184%; latest quarter revenue +35% YoY,Governance risk|Earnings-upgrade candidate|Capex commissioning|Operating-leverage inflection|Margin-recovery candidate|Debt-reduction story,Early Stage 1,2026-08-10,8.648197186879214,,7.07,4.0,0.480594388503275,Mar 2022-Mar 2026,12.719237435008665,Trailing P/E vs 3-5y EPS CAGR (preliminary),29.1,72.8,3y EPS CAGR 184%; latest quarter revenue +35% YoY,None identified at Phase 1 depth,High,NSE-EQL-2026-08-10|NSE-BHAV-2026-08-10,NUVOCO-SCR-01|NUVOCO-PXW-01,Medium,"Is forward growth contracted/visible or extrapolated from a favourable base? | Do unit economics hold as mix shifts, and is growth funded without dilution? | How much of EPS growth is operating vs. below-the-line or tax-rate driven?",Last 4 quarterly results; latest investor presentation; earnings-call transcripts; annual report share-capital and ESOP notes,5y EPS CAGR not computable (negative or zero base year); nan; EPS not normalised for exceptional items at Phase 1 - reported basis only
2026-08-11,Aeroflex Enterprises Ltd,AEROENTER,NSE,Main Board,Not disclosed,Not disclosed,128.0,2026-08-10,1444.0,2026-08-10,3-month median daily traded value,7.464,13-week median of weekly traded value / 5,1,,,High-growth company,latest quarter revenue +49% YoY,Governance risk|Earnings-upgrade candidate|Operating-leverage inflection|PEAD candidate|Value-trap risk,Mature/extended Stage 2,2026-08-10,27.767475048219282,48.747866935632935,12.6,14.0,0.049576783555018135,Mar 2022-Mar 2026,-0.14885496183206107,Trailing P/E vs 3-5y EPS CAGR (preliminary),22.3,72.8,latest quarter revenue +49% YoY,Weak cash conversion (cumulative CFO/PAT below 0.6),High,NSE-EQL-2026-08-10|NSE-BHAV-2026-08-10,AEROENTER-SCR-01|AEROENTER-PXW-01,Medium,"Is forward growth contracted/visible or extrapolated from a favourable base? | Do unit economics hold as mix shifts, and is growth funded without dilution? | How much of EPS growth is operating vs. below-the-line or tax-rate driven?",Last 4 quarterly results; latest investor presentation; earnings-call transcripts; annual report share-capital and ESOP notes,nan; EPS not normalised for exceptional items at Phase 1 - reported basis only
2026-08-11,Piccadily Agro Industries Ltd,PICCADIL,NSE,Main Board,Fast Moving Consumer Goods,Fast Moving Consumer Goods,765.0,2026-08-10,7541.0,2026-08-10,3-month median daily traded value,10.277,13-week median of weekly traded value / 5,1,,,High-growth company,3y revenue CAGR 20%; 3y EPS CAGR 81%; latest quarter revenue +57% YoY,Demerger/SOTP unlocking|Governance risk|Earnings-upgrade candidate|Capex commissioning|Operating-leverage inflection|PEAD candidate,Mature/extended Stage 2,2026-08-10,16.293517390498934,48.99240185851992,18.0,18.0,0.5893451720310766,Mar 2022-Mar 2026,0.5586034912718204,Trailing P/E vs 3-5y EPS CAGR (preliminary),54.8,72.7,3y revenue CAGR 20%; 3y EPS CAGR 81%; latest quarter revenue +57% YoY,Weak cash conversion (cumulative CFO/PAT below 0.6),High,NSE-EQL-2026-08-10|NSE-BHAV-2026-08-10,PICCADIL-SCR-01|PICCADIL-PXW-01,Medium,"Is forward growth contracted/visible or extrapolated from a favourable base? | Do unit economics hold as mix shifts, and is growth funded without dilution? | How much of EPS growth is operating vs. below-the-line or tax-rate driven?",Last 4 quarterly results; latest investor presentation; earnings-call transcripts; annual report share-capital and ESOP notes,nan; EPS not normalised for exceptional items at Phase 1 - reported basis only
2026-08-11,Kirloskar Brothers Ltd,KIRLOSBROS,NSE,Main Board,Capital Goods,Capital Goods,1940.0,2026-08-10,15403.0,2026-08-10,3-month median daily traded value,20.272,13-week median of weekly traded value / 5,1,,,Quality compounder,5y median ROCE 22%; 5y EPS CAGR 18%; cumulative CFO/PAT 1.04,Earnings-upgrade candidate|PEAD candidate,Early Stage 2,2026-08-10,10.803880600576088,18.31927943626692,20.4,22.0,0.10146103896103896,Mar 2022-Mar 2026,1.0386178861788617,Trailing P/E vs 3-5y EPS CAGR (preliminary),38.0,72.7,5y median ROCE 22%; 5y EPS CAGR 18%; cumulative CFO/PAT 1.04,None identified at Phase 1 depth,High,NSE-EQL-2026-08-10|NSE-BHAV-2026-08-10,KIRLOSBROS-SCR-01|KIRLOSBROS-PXW-01,Medium,"Is the 5y median ROCE sustained on incremental capital, or inflated by a legacy asset base? | What is the reinvestment runway, and has capital allocation stayed inside the core? | Does cumulative CFO/PAT hold above 0.8 once working-capital swings are normalised?",Latest annual report (MD&A + segment note); last 4 quarterly results; latest investor presentation; last 2 earnings-call transcripts,nan; EPS not normalised for exceptional items at Phase 1 - reported basis only
2026-08-11,Surya Roshni Ltd,SURYAROSNI,NSE,Main Board,Capital Goods,Capital Goods,248.0,2026-08-10,5401.0,2026-08-10,3-month median daily traded value,15.256,13-week median of weekly traded value / 5,1,,,Capex operating-leverage candidate,CWIP drawn down 47% YoY - capacity commissioned; OPM 2.0pp below 5y peak - absorption yet to come,Earnings-upgrade candidate|Operating-leverage inflection|Governance risk,Early Stage 1,2026-08-10,6.278077609799726,12.519208715745522,15.8,21.0,0.030372057706909643,Mar 2022-Mar 2026,1.268795741849634,Trailing P/E vs 3-5y EPS CAGR (preliminary),18.9,72.6,CWIP drawn down 47% YoY - capacity commissioned; OPM 2.0pp below 5y peak - absorption yet to come,Equity capital up 102% in 5y - dilution,High,NSE-EQL-2026-08-10|NSE-BHAV-2026-08-10,SURYAROSNI-SCR-01|SURYAROSNI-PXW-01,Medium,"What exactly has been commissioned, on what date, and at what capex vs. original budget? | What demand evidence exists (orders, nominations, approvals, contracts) for the new capacity? | What are incremental EBITDA margin and incremental ROCE at 50/70/85% utilisation? | How do 6/12/18-month commissioning delays change FY+2 EPS and the debt schedule?",Capex announcements and Reg-30 intimations; annual report CWIP/fixed-asset schedule; investor presentation capacity slides; earnings-call transcripts; credit-rating rationale,nan; EPS not normalised for exceptional items at Phase 1 - reported basis only
2026-08-11,Uniparts India Ltd,UNIPARTS,NSE,Main Board,Not disclosed,Not disclosed,825.0,2026-08-10,3714.0,2026-08-10,3-month median daily traded value,11.533,13-week median of weekly traded value / 5,1,,,Mature value/yield company,dividend yield 1.9%; FCF positive in 5 of last 5 years,Earnings-upgrade candidate|Operating-leverage inflection|PEAD candidate,Mature/extended Stage 2,2026-08-10,5.317277116663055,11.653898243978933,21.6,22.0,0.1781609195402299,Mar 2022-Mar 2026,1.2,Trailing P/E vs 3-5y EPS CAGR (preliminary),20.3,72.6,dividend yield 1.9%; FCF positive in 5 of last 5 years,None identified at Phase 1 depth,High,NSE-EQL-2026-08-10|NSE-BHAV-2026-08-10,UNIPARTS-SCR-01|UNIPARTS-PXW-01,Medium,"Is the dividend covered by normalised FCF after maintenance capex, not by peak earnings? | What structural-decline risk exists in the core end-market? | Is management willing to keep returning capital, on what stated policy?",Annual report cash-flow statement and dividend policy; quarterly results; capex guidance,nan; EPS not normalised for exceptional items at Phase 1 - reported basis only
2026-08-11,Vishnu Chemicals Ltd,VISHNU,NSE,Main Board,Not disclosed,Not disclosed,583.0,2026-08-10,3928.0,2026-08-10,3-month median daily traded value,4.894,13-week median of weekly traded value / 5,1,,,Quality compounder,5y median ROCE 20%; 5y revenue CAGR 19%; 5y EPS CAGR 30%; cumulative CFO/PAT 0.87,Earnings-upgrade candidate|Capex commissioning,Early Stage 2,2026-08-10,18.84782010488797,29.596816007993954,16.3,20.0,0.4929840972871843,Mar 2022-Mar 2026,0.8656462585034014,Trailing P/E vs 3-5y EPS CAGR (preliminary),26.2,72.5,5y median ROCE 20%; 5y revenue CAGR 19%; 5y EPS CAGR 30%; cumulative CFO/PAT 0.87,None identified at Phase 1 depth,High,NSE-EQL-2026-08-10|NSE-BHAV-2026-08-10,VISHNU-SCR-01|VISHNU-PXW-01,Medium,"Is the 5y median ROCE sustained on incremental capital, or inflated by a legacy asset base? | What is the reinvestment runway, and has capital allocation stayed inside the core? | Does cumulative CFO/PAT hold above 0.8 once working-capital swings are normalised?",Latest annual report (MD&A + segment note); last 4 quarterly results; latest investor presentation; last 2 earnings-call transcripts,nan; EPS not normalised for exceptional items at Phase 1 - reported basis only
2026-08-11,Ador Welding Ltd,ADOR,NSE,Main Board,Not disclosed,Not disclosed,1516.0,2026-08-10,2638.0,2026-08-10,3-month median daily traded value,3.247,13-week median of weekly traded value / 5,1,,,Quality compounder,5y median ROCE 20%; 5y revenue CAGR 17%; 5y EPS CAGR 20%; cumulative CFO/PAT 1.58,Earnings-upgrade candidate|Operating-leverage inflection|PEAD candidate|Peak-cycle risk,Mature/extended Stage 2,2026-08-10,16.730359068298984,19.6512246024805,22.8,20.0,0.005415162454873646,Mar 2021-Mar 2026,1.5817490494296578,Trailing P/E vs 3-5y EPS CAGR (preliminary),22.8,72.5,5y median ROCE 20%; 5y revenue CAGR 17%; 5y EPS CAGR 20%; cumulative CFO/PAT 1.58,None identified at Phase 1 depth,High,NSE-EQL-2026-08-10|NSE-BHAV-2026-08-10,ADOR-SCR-01|ADOR-PXW-01,Medium,"Is the 5y median ROCE sustained on incremental capital, or inflated by a legacy asset base? | What is the reinvestment runway, and has capital allocation stayed inside the core? | Does cumulative CFO/PAT hold above 0.8 once working-capital swings are normalised?",Latest annual report (MD&A + segment note); last 4 quarterly results; latest investor presentation; last 2 earnings-call transcripts,nan; EPS not normalised for exceptional items at Phase 1 - reported basis only
2026-08-11,GPT Infraprojects Ltd,GPTINFRA,NSE,Main Board,Not disclosed,Not disclosed,115.0,2026-08-10,1457.0,2026-08-10,3-month median daily traded value,1.502,13-week median of weekly traded value / 5,1,,,Quality compounder,5y median ROCE 21%; 5y revenue CAGR 16%; 5y EPS CAGR 35%; cumulative CFO/PAT 1.42,Earnings-upgrade candidate|Debt-reduction story|Peak-cycle risk|Governance risk,Early Stage 2,2026-08-10,16.196884429203774,34.64440000371483,21.4,21.0,0.4883720930232558,Mar 2022-Mar 2026,1.417857142857143,Trailing P/E vs 3-5y EPS CAGR (preliminary),14.8,72.4,5y median ROCE 21%; 5y revenue CAGR 16%; 5y EPS CAGR 35%; cumulative CFO/PAT 1.42,Equity capital up 334% in 5y - dilution,High,NSE-EQL-2026-08-10|NSE-BHAV-2026-08-10,GPTINFRA-SCR-01|GPTINFRA-PXW-01,Medium,"Is the 5y median ROCE sustained on incremental capital, or inflated by a legacy asset base? | What is the reinvestment runway, and has capital allocation stayed inside the core? | Does cumulative CFO/PAT hold above 0.8 once working-capital swings are normalised?",Latest annual report (MD&A + segment note); last 4 quarterly results; latest investor presentation; last 2 earnings-call transcripts,nan; EPS not normalised for exceptional items at Phase 1 - reported basis only
2026-08-11,Premier Energies Ltd,PREMIERENE,NSE,Main Board,Capital Goods,Capital Goods,1044.0,2026-08-10,47451.0,2026-08-10,3-month median daily traded value,122.55,13-week median of weekly traded value / 5,1,,,Quality compounder,5y median ROCE 25%; 5y revenue CAGR 62%; 5y EPS CAGR 104%; cumulative CFO/PAT 1.03,Earnings-upgrade candidate|Capex commissioning|Debt-reduction story|Peak-cycle risk|Governance risk,Early Stage 2,2026-08-10,62.01012785863038,104.14629010355476,33.3,25.0,0.8606918969120038,Mar 2022-Mar 2026,1.03394945303659,Trailing P/E vs 3-5y EPS CAGR (preliminary),28.5,72.3,5y median ROCE 25%; 5y revenue CAGR 62%; 5y EPS CAGR 104%; cumulative CFO/PAT 1.03,Promoter stake down 5.8pp over 4 quarters,High,NSE-EQL-2026-08-10|NSE-BHAV-2026-08-10,PREMIERENE-SCR-01|PREMIERENE-PXW-01,Medium,"Is the 5y median ROCE sustained on incremental capital, or inflated by a legacy asset base? | What is the reinvestment runway, and has capital allocation stayed inside the core? | Does cumulative CFO/PAT hold above 0.8 once working-capital swings are normalised?",Latest annual report (MD&A + segment note); last 4 quarterly results; latest investor presentation; last 2 earnings-call transcripts,nan; EPS not normalised for exceptional items at Phase 1 - reported basis only
2026-08-11,J Kumar Infraprojects Ltd,JKIL,NSE,Main Board,Not disclosed,Not disclosed,497.0,2026-08-10,3770.0,2026-08-10,3-month median daily traded value,3.7,13-week median of weekly traded value / 5,1,,,Quality compounder,5y revenue CAGR 31%; 5y EPS CAGR 32%; cumulative CFO/PAT 1.57,Capex commissioning,Stage 4 decline,2026-08-10,30.57032372735302,32.101100719307986,18.4,18.0,0.18432769367764915,Mar 2017-Mar 2026,1.5654801880456681,Trailing P/E vs 3-5y EPS CAGR (preliminary),9.69,72.3,5y revenue CAGR 31%; 5y EPS CAGR 32%; cumulative CFO/PAT 1.57,Technically in Stage 4 decline,High,NSE-EQL-2026-08-10|NSE-BHAV-2026-08-10,JKIL-SCR-01|JKIL-PXW-01,Medium,"Is the 5y median ROCE sustained on incremental capital, or inflated by a legacy asset base? | What is the reinvestment runway, and has capital allocation stayed inside the core? | Does cumulative CFO/PAT hold above 0.8 once working-capital swings are normalised?",Latest annual report (MD&A + segment note); last 4 quarterly results; latest investor presentation; last 2 earnings-call transcripts,nan; EPS not normalised for exceptional items at Phase 1 - reported basis only
2026-08-11,Elecon Engineering Company Ltd,ELECON,NSE,Main Board,Capital Goods,Capital Goods,438.0,2026-08-10,9832.0,2026-08-10,3-month median daily traded value,24.805,13-week median of weekly traded value / 5,1,,,Quality compounder,5y median ROCE 25%; 5y revenue CAGR 18%; 5y EPS CAGR 43%; cumulative CFO/PAT 1.10,,Early Stage 1,2026-08-10,17.777640147145803,42.68623971638097,20.9,25.0,0.11843817787418655,Mar 2022-Mar 2026,1.097986577181208,Trailing P/E vs 3-5y EPS CAGR (preliminary),32.5,72.2,5y median ROCE 25%; 5y revenue CAGR 18%; 5y EPS CAGR 43%; cumulative CFO/PAT 1.10,None identified at Phase 1 depth,High,NSE-EQL-2026-08-10|NSE-BHAV-2026-08-10,ELECON-SCR-01|ELECON-PXW-01,Medium,"Is the 5y median ROCE sustained on incremental capital, or inflated by a legacy asset base? | What is the reinvestment runway, and has capital allocation stayed inside the core? | Does cumulative CFO/PAT hold above 0.8 once working-capital swings are normalised?",Latest annual report (MD&A + segment note); last 4 quarterly results; latest investor presentation; last 2 earnings-call transcripts,nan; EPS not normalised for exceptional items at Phase 1 - reported basis only
2026-08-11,Metro Brands Ltd,METROBRAND,NSE,Main Board,Not disclosed,Not disclosed,967.0,2026-08-10,26363.0,2026-08-10,3-month median daily traded value,4.569,13-week median of weekly traded value / 5,1,,,Quality compounder,5y median ROCE 20%; 5y revenue CAGR 29%; 5y EPS CAGR 42%; cumulative CFO/PAT 1.34,Earnings-upgrade candidate|Operating-leverage inflection|Debt-reduction story|Overvalued quality,Stage 4 decline,2026-08-10,29.05552602717918,42.479119730106206,20.2,20.0,0.7877571500250878,Mar 2022-Mar 2026,1.3395691609977325,Trailing P/E vs 3-5y EPS CAGR (preliminary),64.9,72.2,5y median ROCE 20%; 5y revenue CAGR 29%; 5y EPS CAGR 42%; cumulative CFO/PAT 1.34,Technically in Stage 4 decline,High,NSE-EQL-2026-08-10|NSE-BHAV-2026-08-10,METROBRAND-SCR-01|METROBRAND-PXW-01,Medium,"Is the 5y median ROCE sustained on incremental capital, or inflated by a legacy asset base? | What is the reinvestment runway, and has capital allocation stayed inside the core? | Does cumulative CFO/PAT hold above 0.8 once working-capital swings are normalised?",Latest annual report (MD&A + segment note); last 4 quarterly results; latest investor presentation; last 2 earnings-call transcripts,nan; EPS not normalised for exceptional items at Phase 1 - reported basis only
2026-08-11,Jagran Prakashan Ltd,JAGRAN,NSE,Main Board,Not disclosed,Not disclosed,62.9,2026-08-10,1371.0,2026-08-10,3-month median daily traded value,1.397,13-week median of weekly traded value / 5,1,,,Mature value/yield company,dividend yield 11.1%; FCF positive in 5 of last 5 years,Demerger/SOTP unlocking|Value-trap risk,Early Stage 2,2026-08-10,7.794346344260505,23.188900558452307,12.8,9.0,0.054563492063492064,Mar 2022-Mar 2026,1.613053613053613,Trailing P/E vs 3-5y EPS CAGR (preliminary),6.96,72.1,dividend yield 11.1%; FCF positive in 5 of last 5 years,Other income >35% of PBT - EPS provisional,Medium,NSE-EQL-2026-08-10|NSE-BHAV-2026-08-10,JAGRAN-SCR-01|JAGRAN-PXW-01,Medium,"Is the dividend covered by normalised FCF after maintenance capex, not by peak earnings? | What structural-decline risk exists in the core end-market? | Is management willing to keep returning capital, on what stated policy?",Annual report cash-flow statement and dividend policy; quarterly results; capex guidance,Other income >35% of PBT - EPS provisional; EPS not normalised for exceptional items at Phase 1 - reported basis only
2026-08-11,K.P. Energy Ltd,KPEL,NSE,Main Board,Not disclosed,Not disclosed,292.0,2026-08-10,1976.0,2026-08-10,3-month median daily traded value,6.166,13-week median of weekly traded value / 5,1,,,Quality compounder,5y median ROCE 39%; 5y revenue CAGR 83%; 5y EPS CAGR 97%; cumulative CFO/PAT 0.89,Governance risk|Earnings-upgrade candidate,Stage 4 decline,2026-08-10,83.47540743195063,96.76516942058764,39.2,39.0,0.8435114503816794,Mar 2022-Mar 2026,0.8942307692307693,Trailing P/E vs 3-5y EPS CAGR (preliminary),10.9,72.1,5y median ROCE 39%; 5y revenue CAGR 83%; 5y EPS CAGR 97%; cumulative CFO/PAT 0.89,Equity capital up 209% in 5y - dilution,High,NSE-EQL-2026-08-10|NSE-BHAV-2026-08-10,KPEL-SCR-01|KPEL-PXW-01,Medium,"Is the 5y median ROCE sustained on incremental capital, or inflated by a legacy asset base? | What is the reinvestment runway, and has capital allocation stayed inside the core? | Does cumulative CFO/PAT hold above 0.8 once working-capital swings are normalised?",Latest annual report (MD&A + segment note); last 4 quarterly results; latest investor presentation; last 2 earnings-call transcripts,nan; EPS not normalised for exceptional items at Phase 1 - reported basis only
2026-08-11,Oriental Hotels Ltd,ORIENTHOT,NSE,Main Board,Not disclosed,Not disclosed,126.0,2026-08-10,2261.0,2026-08-10,3-month median daily traded value,3.834,13-week median of weekly traded value / 5,1,,,High-growth company,latest quarter revenue +24% YoY,Earnings-upgrade candidate|Operating-leverage inflection|PEAD candidate,Early Stage 2,2026-08-10,33.614561871143664,,12.1,11.0,0.17191601049868765,Mar 2022-Mar 2026,2.3664921465968587,Trailing P/E vs 3-5y EPS CAGR (preliminary),33.7,72.0,latest quarter revenue +24% YoY,None identified at Phase 1 depth,High,NSE-EQL-2026-08-10|NSE-BHAV-2026-08-10,ORIENTHOT-SCR-01|ORIENTHOT-PXW-01,Medium,"Is forward growth contracted/visible or extrapolated from a favourable base? | Do unit economics hold as mix shifts, and is growth funded without dilution? | How much of EPS growth is operating vs. below-the-line or tax-rate driven?",Last 4 quarterly results; latest investor presentation; earnings-call transcripts; annual report share-capital and ESOP notes,5y EPS CAGR not computable (negative or zero base year); nan; EPS not normalised for exceptional items at Phase 1 - reported basis only
2026-08-11,Federal-Mogul Goetze (India) Ltd,FMGOETZE,NSE,Main Board,Not disclosed,Not disclosed,490.0,2026-08-10,2723.0,2026-08-10,3-month median daily traded value,1.932,13-week median of weekly traded value / 5,1,,,Quality compounder,5y revenue CAGR 12%; 5y EPS CAGR 214%; cumulative CFO/PAT 1.58,Capex commissioning,Mature Stage 1 base,2026-08-10,12.081262256069426,214.3193162404907,18.5,17.0,0.0006958942240779402,Mar 2022-Mar 2026,1.5811437403400308,Trailing P/E vs 3-5y EPS CAGR (preliminary),14.9,72.0,5y revenue CAGR 12%; 5y EPS CAGR 214%; cumulative CFO/PAT 1.58,None identified at Phase 1 depth,High,NSE-EQL-2026-08-10|NSE-BHAV-2026-08-10,FMGOETZE-SCR-01|FMGOETZE-PXW-01,Medium,"Is the 5y median ROCE sustained on incremental capital, or inflated by a legacy asset base? | What is the reinvestment runway, and has capital allocation stayed inside the core? | Does cumulative CFO/PAT hold above 0.8 once working-capital swings are normalised?",Latest annual report (MD&A + segment note); last 4 quarterly results; latest investor presentation; last 2 earnings-call transcripts,nan; EPS not normalised for exceptional items at Phase 1 - reported basis only
2026-08-11,SPR Auto Technologies Ltd,SHRIPISTON,NSE,Main Board,Automobile and Auto Components,Automobile and Auto Components,4411.0,2026-08-10,19629.0,2026-08-10,3-month median daily traded value,16.685,13-week median of weekly traded value / 5,1,,,Quality compounder,5y median ROCE 25%; 5y revenue CAGR 23%; 5y EPS CAGR 45%; cumulative CFO/PAT 1.09,Debt-reduction story|Governance risk,Mature/extended Stage 2,2026-08-10,22.79664779702133,44.58664559844219,20.8,25.0,0.6783867631851086,Mar 2022-Mar 2026,1.094224924012158,Trailing P/E vs 3-5y EPS CAGR (preliminary),33.6,71.9,5y median ROCE 25%; 5y revenue CAGR 23%; 5y EPS CAGR 45%; cumulative CFO/PAT 1.09,Equity capital up 100% in 5y - dilution,High,NSE-EQL-2026-08-10|NSE-BHAV-2026-08-10,SHRIPISTON-SCR-01|SHRIPISTON-PXW-01,Medium,"Is the 5y median ROCE sustained on incremental capital, or inflated by a legacy asset base? | What is the reinvestment runway, and has capital allocation stayed inside the core? | Does cumulative CFO/PAT hold above 0.8 once working-capital swings are normalised?",Latest annual report (MD&A + segment note); last 4 quarterly results; latest investor presentation; last 2 earnings-call transcripts,nan; EPS not normalised for exceptional items at Phase 1 - reported basis only
2026-08-11,Sandhar Technologies Limited,SANDHAR,NSE,Main Board,Not disclosed,Not disclosed,654.0,2026-08-10,3939.0,2026-08-10,3-month median daily traded value,22.52,13-week median of weekly traded value / 5,1,,,High-growth company,3y revenue CAGR 19%; 3y EPS CAGR 40%; latest quarter revenue +20% YoY,Earnings-upgrade candidate|PEAD candidate|Debt-reduction story,Early Stage 2,2026-08-10,21.086291092563727,28.045813439950585,14.4,12.0,0.8612153038259565,Mar 2022-Mar 2026,1.874354561101549,Trailing P/E vs 3-5y EPS CAGR (preliminary),19.6,71.6,3y revenue CAGR 19%; 3y EPS CAGR 40%; latest quarter revenue +20% YoY,None identified at Phase 1 depth,High,NSE-EQL-2026-08-10|NSE-BHAV-2026-08-10,SANDHAR-SCR-01|SANDHAR-PXW-01,Medium,"Is forward growth contracted/visible or extrapolated from a favourable base? | Do unit economics hold as mix shifts, and is growth funded without dilution? | How much of EPS growth is operating vs. below-the-line or tax-rate driven?",Last 4 quarterly results; latest investor presentation; earnings-call transcripts; annual report share-capital and ESOP notes,nan; EPS not normalised for exceptional items at Phase 1 - reported basis only
2026-08-11,eClerx Services Ltd,ECLERX,NSE,Main Board,Services,Services,1760.0,2026-08-10,16539.0,2026-08-10,3-month median daily traded value,51.31,13-week median of weekly traded value / 5,1,,,Quality compounder,5y median ROCE 34%; 5y revenue CAGR 21%; 5y EPS CAGR 23%; cumulative CFO/PAT 1.12,Regulatory catalyst|Governance risk,Early Stage 1,2026-08-10,21.358115424991865,22.708838115559395,34.8,34.0,0.15033190160093712,Mar 2022-Mar 2026,1.1219054763690923,Trailing P/E vs 3-5y EPS CAGR (preliminary),22.7,71.6,5y median ROCE 34%; 5y revenue CAGR 21%; 5y EPS CAGR 23%; cumulative CFO/PAT 1.12,Equity capital up 171% in 5y - dilution,High,NSE-EQL-2026-08-10|NSE-BHAV-2026-08-10,ECLERX-SCR-01|ECLERX-PXW-01,Medium,"Is the 5y median ROCE sustained on incremental capital, or inflated by a legacy asset base? | What is the reinvestment runway, and has capital allocation stayed inside the core? | Does cumulative CFO/PAT hold above 0.8 once working-capital swings are normalised?",Latest annual report (MD&A + segment note); last 4 quarterly results; latest investor presentation; last 2 earnings-call transcripts,nan; EPS not normalised for exceptional items at Phase 1 - reported basis only
2026-08-11,Mahindra Lifespace Developers Ltd,MAHLIFE,NSE,Main Board,Not disclosed,Not disclosed,385.0,2026-08-10,8226.0,2026-08-10,3-month median daily traded value,5.882,13-week median of weekly traded value / 5,1,,,Turnaround,loss-making or sub-scale margin base; quarterly OPM +292.0pp YoY; quarterly profit improving YoY,Regulatory catalyst|Earnings-upgrade candidate|Capex commissioning|Operating-leverage inflection|PEAD candidate|Peak-cycle risk|Governance risk|Value-trap risk|Temporary setback,Early Stage 1,2026-08-10,47.981505210151276,,7.64,2.0,0.18251998897160188,Mar 2022-Mar 2026,-2.698060941828255,Trailing P/E vs 3-5y EPS CAGR (preliminary),26.5,71.6,loss-making or sub-scale margin base; quarterly OPM +292.0pp YoY; quarterly profit improving YoY,Weak cash conversion (cumulative CFO/PAT below 0.6),Medium,NSE-EQL-2026-08-10|NSE-BHAV-2026-08-10,MAHLIFE-SCR-01|MAHLIFE-PXW-01,Medium,"What concretely changed - management, business model, cost base, or only the narrative? | What is the funding runway to EBITDA breakeven and what must be refinanced? | Is working capital genuinely releasing cash, or are receivables/inventory masking it?",Annual report auditor's report and going-concern note; debt-restructuring disclosures; quarterly results; credit-rating rationale,5y EPS CAGR not computable (negative or zero base year); Other income >35% of PBT - EPS provisional; EPS not normalised for exceptional items at Phase 1 - reported basis only
2026-08-11,Sandur Manganese & Iron Ores Ltd,SANDUMA,NSE,Main Board,Metals & Mining,Metals & Mining,205.0,2026-08-10,9937.0,2026-08-10,3-month median daily traded value,18.96,13-week median of weekly traded value / 5,1,,,Cyclical recovery,OPM 19.0pp below 5y peak; quarterly OPM +4.0pp YoY - margin inflecting,Regulatory catalyst|Earnings-upgrade candidate|Operating-leverage inflection|Margin-recovery candidate|Governance risk,Stage 4 decline,2026-08-10,48.60793454585104,34.319595083742094,24.2,21.0,0.3070067609096497,Mar 2022-Mar 2026,1.362143474503025,Trailing P/E vs 3-5y EPS CAGR (preliminary),13.4,71.5,OPM 19.0pp below 5y peak; quarterly OPM +4.0pp YoY - margin inflecting,Equity capital up 5300% in 5y - dilution,High,NSE-EQL-2026-08-10|NSE-BHAV-2026-08-10,SANDUMA-SCR-01|SANDUMA-PXW-01,Medium,"Where is the cycle versus mid-cycle margin, and what capacity is still being added industry-wide? | Is the improvement demand-led or a one-off inventory/input-cost effect? | Does the balance sheet survive another 4-6 quarters at trough spreads?",Annual report segment/realisation data; quarterly results; industry capacity data; credit-rating rationale,nan; EPS not normalised for exceptional items at Phase 1 - reported basis only
2026-08-11,Eimco Elecon (India) Ltd,EIMCOELECO,NSE,Main Board,Not disclosed,Not disclosed,1808.0,2026-08-10,1044.0,2026-08-10,3-month median daily traded value,3.126,13-week median of weekly traded value / 5,1,,,High-growth company,3y revenue CAGR 22%; 3y EPS CAGR 51%; latest quarter revenue +91% YoY,Earnings-upgrade candidate|Operating-leverage inflection|PEAD candidate|Peak-cycle risk|Governance risk|Value-trap risk,Early Stage 2,2026-08-10,4.2683794442716305,10.716902180676712,13.2,5.0,0.0,Mar 2020-Mar 2024,0.26136363636363635,Trailing P/E vs 3-5y EPS CAGR (preliminary),27.3,71.3,3y revenue CAGR 22%; 3y EPS CAGR 51%; latest quarter revenue +91% YoY,Weak cash conversion (cumulative CFO/PAT below 0.6),High,NSE-EQL-2026-08-10|NSE-BHAV-2026-08-10,EIMCOELECO-SCR-01|EIMCOELECO-PXW-01,Medium,"Is forward growth contracted/visible or extrapolated from a favourable base? | Do unit economics hold as mix shifts, and is growth funded without dilution? | How much of EPS growth is operating vs. below-the-line or tax-rate driven?",Last 4 quarterly results; latest investor presentation; earnings-call transcripts; annual report share-capital and ESOP notes,nan; EPS not normalised for exceptional items at Phase 1 - reported basis only
2026-08-11,Saksoft Ltd,SAKSOFT,NSE,Main Board,Not disclosed,Not disclosed,166.0,2026-08-10,2202.0,2026-08-10,3-month median daily traded value,15.466,13-week median of weekly traded value / 5,1,,,Quality compounder,5y median ROCE 27%; 5y revenue CAGR 21%; 5y EPS CAGR 24%; cumulative CFO/PAT 1.14,Peak-cycle risk,Early Stage 1,2026-08-10,21.140240958122103,23.699321470116463,25.5,27.0,0.05648267008985879,Mar 2022-Mar 2026,1.144927536231884,Trailing P/E vs 3-5y EPS CAGR (preliminary),16.4,71.3,5y median ROCE 27%; 5y revenue CAGR 21%; 5y EPS CAGR 24%; cumulative CFO/PAT 1.14,None identified at Phase 1 depth,High,NSE-EQL-2026-08-10|NSE-BHAV-2026-08-10,SAKSOFT-SCR-01|SAKSOFT-PXW-01,Medium,"Is the 5y median ROCE sustained on incremental capital, or inflated by a legacy asset base? | What is the reinvestment runway, and has capital allocation stayed inside the core? | Does cumulative CFO/PAT hold above 0.8 once working-capital swings are normalised?",Latest annual report (MD&A + segment note); last 4 quarterly results; latest investor presentation; last 2 earnings-call transcripts,nan; EPS not normalised for exceptional items at Phase 1 - reported basis only
2026-08-11,Gujarat Ambuja Exports Ltd,GAEL,NSE,Main Board,Fast Moving Consumer Goods,Fast Moving Consumer Goods,172.0,2026-08-10,7915.0,2026-08-10,3-month median daily traded value,13.46,13-week median of weekly traded value / 5,1,,,Cyclical recovery,OPM 7.0pp below 5y peak; PAT 36% below 5y peak; quarterly OPM +8.0pp YoY - margin inflecting,Capex commissioning|Operating-leverage inflection|Margin-recovery candidate|Governance risk,Early Stage 2,2026-08-10,4.016883828101991,-2.094022430132225,12.5,16.0,0.1338391502276176,Mar 2022-Mar 2026,0.9501173708920188,Trailing P/E vs 3-5y EPS CAGR (preliminary),18.9,71.2,OPM 7.0pp below 5y peak; PAT 36% below 5y peak; quarterly OPM +8.0pp YoY - margin inflecting,Equity capital up 100% in 5y - dilution,High,NSE-EQL-2026-08-10|NSE-BHAV-2026-08-10,GAEL-SCR-01|GAEL-PXW-01,Medium,"Where is the cycle versus mid-cycle margin, and what capacity is still being added industry-wide? | Is the improvement demand-led or a one-off inventory/input-cost effect? | Does the balance sheet survive another 4-6 quarters at trough spreads?",Annual report segment/realisation data; quarterly results; industry capacity data; credit-rating rationale,nan; EPS not normalised for exceptional items at Phase 1 - reported basis only
2026-08-11,Usha Martin Ltd,USHAMART,NSE,Main Board,Capital Goods,Capital Goods,517.0,2026-08-10,15763.0,2026-08-10,3-month median daily traded value,19.299,13-week median of weekly traded value / 5,1,,,Quality compounder,5y median ROCE 19%; 5y EPS CAGR 26%; cumulative CFO/PAT 1.00,Operating-leverage inflection|Peak-cycle risk,Early Stage 2,2026-08-10,11.971919422046584,25.506205255318815,19.5,19.0,0.0693519079345851,Mar 2022-Mar 2026,0.9969040247678018,Trailing P/E vs 3-5y EPS CAGR (preliminary),28.9,71.2,5y median ROCE 19%; 5y EPS CAGR 26%; cumulative CFO/PAT 1.00,None identified at Phase 1 depth,High,NSE-EQL-2026-08-10|NSE-BHAV-2026-08-10,USHAMART-SCR-01|USHAMART-PXW-01,Medium,"Is the 5y median ROCE sustained on incremental capital, or inflated by a legacy asset base? | What is the reinvestment runway, and has capital allocation stayed inside the core? | Does cumulative CFO/PAT hold above 0.8 once working-capital swings are normalised?",Latest annual report (MD&A + segment note); last 4 quarterly results; latest investor presentation; last 2 earnings-call transcripts,nan; EPS not normalised for exceptional items at Phase 1 - reported basis only
2026-08-11,Man Industries (India) Ltd,MANINDS,NSE,Main Board,Not disclosed,Not disclosed,550.0,2026-08-10,4123.0,2026-08-10,3-month median daily traded value,15.143,13-week median of weekly traded value / 5,1,,,High-growth company,3y EPS CAGR 27%; latest quarter revenue +56% YoY,Governance risk|Earnings-upgrade candidate|Capex commissioning|Operating-leverage inflection|Peak-cycle risk,Early Stage 2,2026-08-10,11.371705952236265,5.177234471788861,16.2,16.0,0.3009103977000479,Mar 2022-Mar 2026,2.1088777219430486,Trailing P/E vs 3-5y EPS CAGR (preliminary),24.2,71.1,3y EPS CAGR 27%; latest quarter revenue +56% YoY,Promoter stake down 5.0pp over 4 quarters,High,NSE-EQL-2026-08-10|NSE-BHAV-2026-08-10,MANINDS-SCR-01|MANINDS-PXW-01,Medium,"Is forward growth contracted/visible or extrapolated from a favourable base? | Do unit economics hold as mix shifts, and is growth funded without dilution? | How much of EPS growth is operating vs. below-the-line or tax-rate driven?",Last 4 quarterly results; latest investor presentation; earnings-call transcripts; annual report share-capital and ESOP notes,nan; EPS not normalised for exceptional items at Phase 1 - reported basis only
2026-08-11,Va Tech Wabag Ltd,WABAG,NSE,Main Board,Utilities,Utilities,1970.0,2026-08-10,12300.0,2026-08-10,3-month median daily traded value,122.364,13-week median of weekly traded value / 5,1,,,High-growth company,3y EPS CAGR 205%; latest quarter revenue +93% YoY,Earnings-upgrade candidate|PEAD candidate,Mature/extended Stage 2,2026-08-10,6.833489031263107,27.409340801456892,21.3,20.0,0.08878504672897196,Mar 2022-Mar 2026,0.7495274102079396,Trailing P/E vs 3-5y EPS CAGR (preliminary),32.9,70.9,3y EPS CAGR 205%; latest quarter revenue +93% YoY,None identified at Phase 1 depth,High,NSE-EQL-2026-08-10|NSE-BHAV-2026-08-10,WABAG-SCR-01|WABAG-PXW-01,Medium,"Is forward growth contracted/visible or extrapolated from a favourable base? | Do unit economics hold as mix shifts, and is growth funded without dilution? | How much of EPS growth is operating vs. below-the-line or tax-rate driven?",Last 4 quarterly results; latest investor presentation; earnings-call transcripts; annual report share-capital and ESOP notes,nan; EPS not normalised for exceptional items at Phase 1 - reported basis only
2026-08-11,MPS Ltd,MPSLTD,NSE,Main Board,Not disclosed,Not disclosed,2860.0,2026-08-10,4894.0,2026-08-10,3-month median daily traded value,3.696,13-week median of weekly traded value / 5,1,,,Quality compounder,5y median ROCE 36%; 5y revenue CAGR 13%; 5y EPS CAGR 26%; cumulative CFO/PAT 1.01,Demerger/SOTP unlocking|Governance risk|Peak-cycle risk,Mature/extended Stage 2,2026-08-10,12.668930162000013,25.56581374757261,39.3,36.0,0.10234899328859061,Mar 2022-Mar 2026,1.010989010989011,Trailing P/E vs 3-5y EPS CAGR (preliminary),26.7,70.9,5y median ROCE 36%; 5y revenue CAGR 13%; 5y EPS CAGR 26%; cumulative CFO/PAT 1.01,None identified at Phase 1 depth,High,NSE-EQL-2026-08-10|NSE-BHAV-2026-08-10,MPSLTD-SCR-01|MPSLTD-PXW-01,Medium,"Is the 5y median ROCE sustained on incremental capital, or inflated by a legacy asset base? | What is the reinvestment runway, and has capital allocation stayed inside the core? | Does cumulative CFO/PAT hold above 0.8 once working-capital swings are normalised?",Latest annual report (MD&A + segment note); last 4 quarterly results; latest investor presentation; last 2 earnings-call transcripts,nan; EPS not normalised for exceptional items at Phase 1 - reported basis only
2026-08-11,Manali Petrochemicals Ltd,MANALIPETC,NSE,Main Board,Not disclosed,Not disclosed,64.6,2026-08-10,1100.0,2026-08-10,3-month median daily traded value,2.092,13-week median of weekly traded value / 5,1,,,Capex operating-leverage candidate,CWIP drawn down 36% YoY - capacity commissioned; OPM 24.0pp below 5y peak - absorption yet to come,Earnings-upgrade candidate|PEAD candidate|Value-trap risk,Early Stage 1,2026-08-10,-0.03909305338988256,-8.363775666134499,7.24,7.0,0.10694769711163153,Mar 2022-Mar 2026,1.044262295081967,Trailing P/E vs 3-5y EPS CAGR (preliminary),15.5,70.8,CWIP drawn down 36% YoY - capacity commissioned; OPM 24.0pp below 5y peak - absorption yet to come,Other income >35% of PBT - EPS provisional,Medium,NSE-EQL-2026-08-10|NSE-BHAV-2026-08-10,MANALIPETC-SCR-01|MANALIPETC-PXW-01,Low,"What exactly has been commissioned, on what date, and at what capex vs. original budget? | What demand evidence exists (orders, nominations, approvals, contracts) for the new capacity? | What are incremental EBITDA margin and incremental ROCE at 50/70/85% utilisation? | How do 6/12/18-month commissioning delays change FY+2 EPS and the debt schedule?",Capex announcements and Reg-30 intimations; annual report CWIP/fixed-asset schedule; investor presentation capacity slides; earnings-call transcripts; credit-rating rationale,Other income >35% of PBT - EPS provisional; EPS not normalised for exceptional items at Phase 1 - reported basis only
2026-08-11,Fine Organic Industries Ltd,FINEORG,NSE,Main Board,Not disclosed,Not disclosed,5036.0,2026-08-10,15441.0,2026-08-10,3-month median daily traded value,4.894,13-week median of weekly traded value / 5,1,,,Quality compounder,5y median ROCE 31%; 5y revenue CAGR 16%; 5y EPS CAGR 28%; cumulative CFO/PAT 0.86,Capex commissioning,Early Stage 2,2026-08-10,15.866253946514842,28.227489602608145,21.5,31.0,0.025525525525525526,Mar 2022-Mar 2026,0.8601794992914502,Trailing P/E vs 3-5y EPS CAGR (preliminary),35.2,70.8,5y median ROCE 31%; 5y revenue CAGR 16%; 5y EPS CAGR 28%; cumulative CFO/PAT 0.86,None identified at Phase 1 depth,High,NSE-EQL-2026-08-10|NSE-BHAV-2026-08-10,FINEORG-SCR-01|FINEORG-PXW-01,Low,"Is the 5y median ROCE sustained on incremental capital, or inflated by a legacy asset base? | What is the reinvestment runway, and has capital allocation stayed inside the core? | Does cumulative CFO/PAT hold above 0.8 once working-capital swings are normalised?",Latest annual report (MD&A + segment note); last 4 quarterly results; latest investor presentation; last 2 earnings-call transcripts,nan; EPS not normalised for exceptional items at Phase 1 - reported basis only
2026-08-11,Siyaram Silk Mills Ltd,SIYSIL,NSE,Main Board,Not disclosed,Not disclosed,616.0,2026-08-10,2791.0,2026-08-10,3-month median daily traded value,4.327,13-week median of weekly traded value / 5,1,,,Quality compounder,5y median ROCE 21%; 5y revenue CAGR 19%; 5y EPS CAGR 132%,Demerger/SOTP unlocking|Governance risk|Margin-recovery candidate,Early Stage 1,2026-08-10,18.754101168359938,131.82687003834803,18.8,21.0,0.2410958904109589,Mar 2022-Mar 2026,0.700925925925926,Trailing P/E vs 3-5y EPS CAGR (preliminary),11.8,70.8,5y median ROCE 21%; 5y revenue CAGR 19%; 5y EPS CAGR 132%,None identified at Phase 1 depth,High,NSE-EQL-2026-08-10|NSE-BHAV-2026-08-10,SIYSIL-SCR-01|SIYSIL-PXW-01,Low,"Is the 5y median ROCE sustained on incremental capital, or inflated by a legacy asset base? | What is the reinvestment runway, and has capital allocation stayed inside the core? | Does cumulative CFO/PAT hold above 0.8 once working-capital swings are normalised?",Latest annual report (MD&A + segment note); last 4 quarterly results; latest investor presentation; last 2 earnings-call transcripts,nan; EPS not normalised for exceptional items at Phase 1 - reported basis only
2026-08-11,D-Link India Ltd,DLINKINDIA,NSE,Main Board,Not disclosed,Not disclosed,438.0,2026-08-10,1554.0,2026-08-10,3-month median daily traded value,5.545,13-week median of weekly traded value / 5,1,,,Mature value/yield company,dividend yield 5.9%; FCF positive in 5 of last 5 years,,Early Stage 2,2026-08-10,16.587360297777522,27.119162508361704,25.9,28.0,0.029644268774703556,Mar 2022-Mar 2026,0.6177156177156177,Trailing P/E vs 3-5y EPS CAGR (preliminary),14.5,70.7,dividend yield 5.9%; FCF positive in 5 of last 5 years,None identified at Phase 1 depth,High,NSE-EQL-2026-08-10|NSE-BHAV-2026-08-10,DLINKINDIA-SCR-01|DLINKINDIA-PXW-01,Low,"Is the dividend covered by normalised FCF after maintenance capex, not by peak earnings? | What structural-decline risk exists in the core end-market? | Is management willing to keep returning capital, on what stated policy?",Annual report cash-flow statement and dividend policy; quarterly results; capex guidance,nan; EPS not normalised for exceptional items at Phase 1 - reported basis only
2026-08-11,Caplin Point Laboratories Ltd,CAPLIPOINT,NSE,Main Board,Healthcare,Healthcare,2622.0,2026-08-10,19923.0,2026-08-10,3-month median daily traded value,29.305,13-week median of weekly traded value / 5,1,,,Quality compounder,5y median ROCE 26%; 5y revenue CAGR 16%; 5y EPS CAGR 21%; cumulative CFO/PAT 0.80,Capex commissioning|Peak-cycle risk,Mature/extended Stage 2,2026-08-10,15.56509478321557,21.371278429436515,24.6,26.0,0.0013943112102621305,Mar 2022-Mar 2026,0.8048780487804879,Trailing P/E vs 3-5y EPS CAGR (preliminary),31.1,70.7,5y median ROCE 26%; 5y revenue CAGR 16%; 5y EPS CAGR 21%; cumulative CFO/PAT 0.80,None identified at Phase 1 depth,High,NSE-EQL-2026-08-10|NSE-BHAV-2026-08-10,CAPLIPOINT-SCR-01|CAPLIPOINT-PXW-01,Low,"Is the 5y median ROCE sustained on incremental capital, or inflated by a legacy asset base? | What is the reinvestment runway, and has capital allocation stayed inside the core? | Does cumulative CFO/PAT hold above 0.8 once working-capital swings are normalised?",Latest annual report (MD&A + segment note); last 4 quarterly results; latest investor presentation; last 2 earnings-call transcripts,nan; EPS not normalised for exceptional items at Phase 1 - reported basis only
2026-08-11,Sonata Software Ltd,SONATSOFTW,NSE,Main Board,Information Technology,Information Technology,320.0,2026-08-10,8950.0,2026-08-10,3-month median daily traded value,40.249,13-week median of weekly traded value / 5,1,,,Quality compounder,5y median ROCE 36%; 5y revenue CAGR 20%; cumulative CFO/PAT 1.08,Demerger/SOTP unlocking|Governance risk,Early Stage 1,2026-08-10,20.408702648401224,13.738688445319891,30.7,36.0,0.3795275590551181,Mar 2022-Mar 2026,1.077037037037037,Trailing P/E vs 3-5y EPS CAGR (preliminary),17.7,70.7,5y median ROCE 36%; 5y revenue CAGR 20%; cumulative CFO/PAT 1.08,Equity capital up 180% in 5y - dilution,High,NSE-EQL-2026-08-10|NSE-BHAV-2026-08-10,SONATSOFTW-SCR-01|SONATSOFTW-PXW-01,Low,"Is the 5y median ROCE sustained on incremental capital, or inflated by a legacy asset base? | What is the reinvestment runway, and has capital allocation stayed inside the core? | Does cumulative CFO/PAT hold above 0.8 once working-capital swings are normalised?",Latest annual report (MD&A + segment note); last 4 quarterly results; latest investor presentation; last 2 earnings-call transcripts,nan; EPS not normalised for exceptional items at Phase 1 - reported basis only
2026-08-11,Wheels India Ltd,WHEELS,NSE,Main Board,Not disclosed,Not disclosed,1414.0,2026-08-10,3455.0,2026-08-10,3-month median daily traded value,18.217,13-week median of weekly traded value / 5,1,,,High-growth company,3y EPS CAGR 40%; latest quarter revenue +24% YoY,Governance risk|Earnings-upgrade candidate|Debt-reduction story|Peak-cycle risk,Early Stage 2,2026-08-10,17.762378541048008,142.2757331187537,18.8,12.0,0.7377521613832853,Mar 2022-Mar 2026,3.5330396475770924,Trailing P/E vs 3-5y EPS CAGR (preliminary),21.1,70.6,3y EPS CAGR 40%; latest quarter revenue +24% YoY,None identified at Phase 1 depth,High,NSE-EQL-2026-08-10|NSE-BHAV-2026-08-10,WHEELS-SCR-01|WHEELS-PXW-01,Low,"Is forward growth contracted/visible or extrapolated from a favourable base? | Do unit economics hold as mix shifts, and is growth funded without dilution? | How much of EPS growth is operating vs. below-the-line or tax-rate driven?",Last 4 quarterly results; latest investor presentation; earnings-call transcripts; annual report share-capital and ESOP notes,nan; EPS not normalised for exceptional items at Phase 1 - reported basis only
2026-08-11,Team Lease Services Ltd,TEAMLEASE,NSE,Main Board,Not disclosed,Not disclosed,1254.0,2026-08-10,1917.0,2026-08-10,3-month median daily traded value,4.764,13-week median of weekly traded value / 5,1,,,Event-driven or special situation,Open offer / control change disclosed 08-Jul-2026 16:50:05; Buyback disclosed 23-Jul-2026 17:50:21; Asset / business sale disclosed 29-Jul-2026 16:25:23,Regulatory catalyst|Demerger/SOTP unlocking|Temporary setback,Stage 4 decline,2026-08-10,19.29118873460711,12.941059222628915,15.4,14.0,0.1111111111111111,Mar 2022-Mar 2026,1.250485436893204,Trailing P/E vs 3-5y EPS CAGR (preliminary),12.5,70.3,Open offer / control change disclosed 08-Jul-2026 16:50:05; Buyback disclosed 23-Jul-2026 17:50:21; Asset / business sale disclosed 29-Jul-2026 16:25:23,Other income >35% of PBT - EPS provisional,Medium,NSE-EQL-2026-08-10|NSE-BHAV-2026-08-10,TEAMLEASE-SCR-01|TEAMLEASE-PXW-01,Low,"What is the disclosed scheme/transaction structure, record date, and regulatory path? | What is the value in completed, delayed and cancelled scenarios, and the probability of each? | What is the downside if the event does not complete at all?",Scheme of arrangement / offer document; stock-exchange intimations; NCLT/SEBI filings; valuation report where disclosed,Other income >35% of PBT - EPS provisional; EPS not normalised for exceptional items at Phase 1 - reported basis only
2026-08-11,India Nippon Electricals Ltd,INDNIPPON,NSE,Main Board,Not disclosed,Not disclosed,1133.0,2026-08-10,2539.0,2026-08-10,3-month median daily traded value,4.469,13-week median of weekly traded value / 5,1,,,High-growth company,3y EPS CAGR 32%; latest quarter revenue +33% YoY,Earnings-upgrade candidate|PEAD candidate|Peak-cycle risk,Mature/extended Stage 2,2026-08-10,17.29654910957581,22.90801650403138,17.0,13.0,0.00243605359317905,Mar 2022-Mar 2026,0.62,Trailing P/E vs 3-5y EPS CAGR (preliminary),27.8,70.3,3y EPS CAGR 32%; latest quarter revenue +33% YoY,None identified at Phase 1 depth,High,NSE-EQL-2026-08-10|NSE-BHAV-2026-08-10,INDNIPPON-SCR-01|INDNIPPON-PXW-01,Low,"Is forward growth contracted/visible or extrapolated from a favourable base? | Do unit economics hold as mix shifts, and is growth funded without dilution? | How much of EPS growth is operating vs. below-the-line or tax-rate driven?",Last 4 quarterly results; latest investor presentation; earnings-call transcripts; annual report share-capital and ESOP notes,nan; EPS not normalised for exceptional items at Phase 1 - reported basis only
2026-08-11,Magellanic Cloud Ltd,MCLOUD,NSE,Main Board,Not disclosed,Not disclosed,29.0,2026-08-10,1709.0,2026-08-10,3-month median daily traded value,8.381,13-week median of weekly traded value / 5,1,,,Quality compounder,5y median ROCE 23%; 5y revenue CAGR 27%; 5y EPS CAGR 117%; cumulative CFO/PAT 1.13,Governance risk|Debt-reduction story,Early Stage 1,2026-08-10,26.91235772847953,117.34434639618958,19.8,23.0,0.42503639010189226,Mar 2022-Mar 2026,1.127659574468085,Trailing P/E vs 3-5y EPS CAGR (preliminary),14.8,70.3,5y median ROCE 23%; 5y revenue CAGR 27%; 5y EPS CAGR 117%; cumulative CFO/PAT 1.13,Promoter stake down 4.3pp over 4 quarters,High,NSE-EQL-2026-08-10|NSE-BHAV-2026-08-10,MCLOUD-SCR-01|MCLOUD-PXW-01,Low,"Is the 5y median ROCE sustained on incremental capital, or inflated by a legacy asset base? | What is the reinvestment runway, and has capital allocation stayed inside the core? | Does cumulative CFO/PAT hold above 0.8 once working-capital swings are normalised?",Latest annual report (MD&A + segment note); last 4 quarterly results; latest investor presentation; last 2 earnings-call transcripts,nan; EPS not normalised for exceptional items at Phase 1 - reported basis only
2026-08-11,NMDC Ltd,NMDC,NSE,Main Board,Metals & Mining,Metals & Mining,85.0,2026-08-10,74494.0,2026-08-10,3-month median daily traded value,162.881,13-week median of weekly traded value / 5,1,,,Capex operating-leverage candidate,CWIP 115% of net block - build in progress; OPM 28.0pp below 5y peak - absorption yet to come,Capex commissioning|Governance risk,Early Stage 2,2026-08-10,15.847782953581468,3.475382321770093,27.6,30.0,0.18809817391814926,Mar 2022-Mar 2026,0.6672259669627101,Trailing P/E vs 3-5y EPS CAGR (preliminary),10.0,70.0,CWIP 115% of net block - build in progress; OPM 28.0pp below 5y peak - absorption yet to come,Equity capital up 200% in 5y - dilution,High,NSE-EQL-2026-08-10|NSE-BHAV-2026-08-10,NMDC-SCR-01|NMDC-PXW-01,Low,"What exactly has been commissioned, on what date, and at what capex vs. original budget? | What demand evidence exists (orders, nominations, approvals, contracts) for the new capacity? | What are incremental EBITDA margin and incremental ROCE at 50/70/85% utilisation? | How do 6/12/18-month commissioning delays change FY+2 EPS and the debt schedule?",Capex announcements and Reg-30 intimations; annual report CWIP/fixed-asset schedule; investor presentation capacity slides; earnings-call transcripts; credit-rating rationale,nan; EPS not normalised for exceptional items at Phase 1 - reported basis only
2026-08-11,Minda Corporation Ltd,MINDACORP,NSE,Main Board,Automobile and Auto Components,Automobile and Auto Components,735.0,2026-08-10,17553.0,2026-08-10,3-month median daily traded value,24.972,13-week median of weekly traded value / 5,1,,,High-growth company,latest quarter revenue +23% YoY,Governance risk|Earnings-upgrade candidate|PEAD candidate|Debt-reduction story|Peak-cycle risk,Mature/extended Stage 2,2026-08-10,21.169021617899574,46.806131850940005,12.7,13.0,0.559302766199318,Mar 2022-Mar 2026,1.5661094224924013,Trailing P/E vs 3-5y EPS CAGR (preliminary),49.3,70.0,latest quarter revenue +23% YoY,None identified at Phase 1 depth,High,NSE-EQL-2026-08-10|NSE-BHAV-2026-08-10,MINDACORP-SCR-01|MINDACORP-PXW-01,Low,"Is forward growth contracted/visible or extrapolated from a favourable base? | Do unit economics hold as mix shifts, and is growth funded without dilution? | How much of EPS growth is operating vs. below-the-line or tax-rate driven?",Last 4 quarterly results; latest investor presentation; earnings-call transcripts; annual report share-capital and ESOP notes,nan; EPS not normalised for exceptional items at Phase 1 - reported basis only
2026-08-11,Vaibhav Global Ltd,VAIBHAVGBL,NSE,Main Board,Consumer Durables,Consumer Durables,240.0,2026-08-10,4029.0,2026-08-10,3-month median daily traded value,10.776,13-week median of weekly traded value / 5,1,,,Mature value/yield company,dividend yield 2.5%; FCF positive in 4 of last 5 years,PEAD candidate,Early Stage 1,2026-08-10,7.766950852789778,-0.9396493539386541,16.4,14.0,0.2524271844660194,Mar 2022-Mar 2026,1.0889639639639639,Trailing P/E vs 3-5y EPS CAGR (preliminary),14.2,70.0,dividend yield 2.5%; FCF positive in 4 of last 5 years,None identified at Phase 1 depth,High,NSE-EQL-2026-08-10|NSE-BHAV-2026-08-10,VAIBHAVGBL-SCR-01|VAIBHAVGBL-PXW-01,Low,"Is the dividend covered by normalised FCF after maintenance capex, not by peak earnings? | What structural-decline risk exists in the core end-market? | Is management willing to keep returning capital, on what stated policy?",Annual report cash-flow statement and dividend policy; quarterly results; capex guidance,nan; EPS not normalised for exceptional items at Phase 1 - reported basis only
2026-08-11,Marksans Pharma Ltd,MARKSANS,NSE,Main Board,Healthcare,Healthcare,272.0,2026-08-10,12328.0,2026-08-10,3-month median daily traded value,56.521,13-week median of weekly traded value / 5,1,,,Cyclical recovery,OPM 5.0pp below 5y peak; quarterly OPM +7.0pp YoY - margin inflecting,Earnings-upgrade candidate|Operating-leverage inflection|Margin-recovery candidate|PEAD candidate,Mature/extended Stage 2,2026-08-10,16.4850405282553,9.865588791294421,18.8,21.0,0.11346344690704598,Mar 2022-Mar 2026,0.7840764331210192,Trailing P/E vs 3-5y EPS CAGR (preliminary),29.6,69.9,OPM 5.0pp below 5y peak; quarterly OPM +7.0pp YoY - margin inflecting,None identified at Phase 1 depth,High,NSE-EQL-2026-08-10|NSE-BHAV-2026-08-10,MARKSANS-SCR-01|MARKSANS-PXW-01,Low,"Where is the cycle versus mid-cycle margin, and what capacity is still being added industry-wide? | Is the improvement demand-led or a one-off inventory/input-cost effect? | Does the balance sheet survive another 4-6 quarters at trough spreads?",Annual report segment/realisation data; quarterly results; industry capacity data; credit-rating rationale,nan; EPS not normalised for exceptional items at Phase 1 - reported basis only
2026-08-11,Gland Pharma Ltd,GLAND,NSE,Main Board,Healthcare,Healthcare,2664.0,2026-08-10,43939.0,2026-08-10,3-month median daily traded value,127.072,13-week median of weekly traded value / 5,1,,,Cyclical recovery,OPM 13.0pp below 5y peak; quarterly OPM +5.0pp YoY - margin inflecting,Earnings-upgrade candidate|Operating-leverage inflection|Margin-recovery candidate|PEAD candidate,Mature/extended Stage 2,2026-08-10,13.178830926832363,0.4585259993974189,15.1,15.0,0.0274210678767983,Mar 2022-Mar 2026,0.9124916499665998,Trailing P/E vs 3-5y EPS CAGR (preliminary),42.2,69.9,OPM 13.0pp below 5y peak; quarterly OPM +5.0pp YoY - margin inflecting,None identified at Phase 1 depth,High,NSE-EQL-2026-08-10|NSE-BHAV-2026-08-10,GLAND-SCR-01|GLAND-PXW-01,Low,"Where is the cycle versus mid-cycle margin, and what capacity is still being added industry-wide? | Is the improvement demand-led or a one-off inventory/input-cost effect? | Does the balance sheet survive another 4-6 quarters at trough spreads?",Annual report segment/realisation data; quarterly results; industry capacity data; credit-rating rationale,nan; EPS not normalised for exceptional items at Phase 1 - reported basis only
2026-08-11,Dixon Technologies (India) Ltd,DIXON,NSE,Main Board,Consumer Durables,Consumer Durables,14160.0,2026-08-10,86577.0,2026-08-10,3-month median daily traded value,518.169,13-week median of weekly traded value / 5,1,,,Quality compounder,5y median ROCE 29%; 5y revenue CAGR 50%; 5y EPS CAGR 54%; cumulative CFO/PAT 1.22,Capex commissioning|Temporary setback,Early Stage 1,2026-08-10,49.94389702463944,54.04150246141137,42.0,29.0,0.21252939918751337,Mar 2022-Mar 2026,1.2212604814714634,Trailing P/E vs 3-5y EPS CAGR (preliminary),46.1,69.8,5y median ROCE 29%; 5y revenue CAGR 50%; 5y EPS CAGR 54%; cumulative CFO/PAT 1.22,Other income >35% of PBT - EPS provisional,Medium,NSE-EQL-2026-08-10|NSE-BHAV-2026-08-10,DIXON-SCR-01|DIXON-PXW-01,Low,"Is the 5y median ROCE sustained on incremental capital, or inflated by a legacy asset base? | What is the reinvestment runway, and has capital allocation stayed inside the core? | Does cumulative CFO/PAT hold above 0.8 once working-capital swings are normalised?",Latest annual report (MD&A + segment note); last 4 quarterly results; latest investor presentation; last 2 earnings-call transcripts,Other income >35% of PBT - EPS provisional; EPS not normalised for exceptional items at Phase 1 - reported basis only
2026-08-11,Tinna Rubber & Infrastructure Ltd,TINNARUBR,NSE,Main Board,Not disclosed,Not disclosed,1127.0,2026-08-10,2031.0,2026-08-10,3-month median daily traded value,6.091,13-week median of weekly traded value / 5,1,,,Quality compounder,5y median ROCE 24%; 5y revenue CAGR 33%; cumulative CFO/PAT 1.13,Regulatory catalyst|Governance risk|Earnings-upgrade candidate|Capex commissioning|PEAD candidate|Debt-reduction story|Peak-cycle risk,Mature/extended Stage 2,2026-08-10,33.24467383744967,,22.3,24.0,0.43,Mar 2022-Mar 2026,1.1277777777777778,Trailing P/E vs 3-5y EPS CAGR (preliminary),32.9,69.8,5y median ROCE 24%; 5y revenue CAGR 33%; cumulative CFO/PAT 1.13,Equity capital up 100% in 5y - dilution,High,NSE-EQL-2026-08-10|NSE-BHAV-2026-08-10,TINNARUBR-SCR-01|TINNARUBR-PXW-01,Low,"Is the 5y median ROCE sustained on incremental capital, or inflated by a legacy asset base? | What is the reinvestment runway, and has capital allocation stayed inside the core? | Does cumulative CFO/PAT hold above 0.8 once working-capital swings are normalised?",Latest annual report (MD&A + segment note); last 4 quarterly results; latest investor presentation; last 2 earnings-call transcripts,5y EPS CAGR not computable (negative or zero base year); nan; EPS not normalised for exceptional items at Phase 1 - reported basis only
2026-08-11,BF Investment Ltd,BFINVEST,NSE,Main Board,Not disclosed,Not disclosed,476.0,2026-08-10,1784.0,2026-08-10,3-month median daily traded value,1.403,13-week median of weekly traded value / 5,1,,,Asset-value/SOTP opportunity,balance-sheet investments = 491% of market cap; trades at 0.21x book,Earnings-upgrade candidate|PEAD candidate|Demerger/SOTP unlocking|Value-trap risk,Early Stage 2,2026-08-10,36.56478393234042,1.0984672584591904,4.86,7.0,0.0,Mar 2022-Mar 2026,0.04946236559139785,Trailing P/E vs 3-5y EPS CAGR (preliminary),6.32,69.7,balance-sheet investments = 491% of market cap; trades at 0.21x book,Weak cash conversion (cumulative CFO/PAT below 0.6),Medium,NSE-EQL-2026-08-10|NSE-BHAV-2026-08-10,BFINVEST-SCR-01|BFINVEST-PXW-01,Low,"What are conservative realisable values for each asset, net of tax leakage and holdco discount? | Is there a disclosed unlocking mechanism with a timeline, or only a static discount? | Does the core operating business earn above its cost of capital, or does it consume the asset value?",Annual report investment schedule and subsidiary financials; scheme documents; related-party transaction note,Other income >35% of PBT - EPS provisional; EPS not normalised for exceptional items at Phase 1 - reported basis only
2026-08-11,Supreme Industries Ltd,SUPREMEIND,NSE,Main Board,Capital Goods,Capital Goods,3469.0,2026-08-10,44284.0,2026-08-10,3-month median daily traded value,56.103,13-week median of weekly traded value / 5,1,,,Capex operating-leverage candidate,CWIP drawn down 67% YoY - capacity commissioned; OPM 6.0pp below 5y peak - absorption yet to come,Earnings-upgrade candidate|Operating-leverage inflection|Margin-recovery candidate,Mature Stage 1 base,2026-08-10,12.036614301526537,-0.49845085186140947,20.7,26.0,0.014751175230993677,Mar 2022-Mar 2026,1.0381901203819013,Trailing P/E vs 3-5y EPS CAGR (preliminary),42.9,69.7,CWIP drawn down 67% YoY - capacity commissioned; OPM 6.0pp below 5y peak - absorption yet to come,None identified at Phase 1 depth,High,NSE-EQL-2026-08-10|NSE-BHAV-2026-08-10,SUPREMEIND-SCR-01|SUPREMEIND-PXW-01,Low,"What exactly has been commissioned, on what date, and at what capex vs. original budget? | What demand evidence exists (orders, nominations, approvals, contracts) for the new capacity? | What are incremental EBITDA margin and incremental ROCE at 50/70/85% utilisation? | How do 6/12/18-month commissioning delays change FY+2 EPS and the debt schedule?",Capex announcements and Reg-30 intimations; annual report CWIP/fixed-asset schedule; investor presentation capacity slides; earnings-call transcripts; credit-rating rationale,nan; EPS not normalised for exceptional items at Phase 1 - reported basis only
2026-08-11,Godrej Properties Ltd,GODREJPROP,NSE,Main Board,Realty,Realty,2112.0,2026-08-10,63593.0,2026-08-10,3-month median daily traded value,122.524,13-week median of weekly traded value / 5,1,,,High-growth company,3y revenue CAGR 32%; 3y EPS CAGR 44%; latest quarter revenue +367% YoY,Governance risk|Earnings-upgrade candidate|Operating-leverage inflection|Margin-recovery candidate|PEAD candidate|Value-trap risk|Temporary setback,Early Stage 1,2026-08-10,46.321490324865636,,7.63,6.0,0.8297139277510963,Mar 2022-Mar 2026,-1.6672054960598102,Trailing P/E vs 3-5y EPS CAGR (preliminary),39.3,69.6,3y revenue CAGR 32%; 3y EPS CAGR 44%; latest quarter revenue +367% YoY,Weak cash conversion (cumulative CFO/PAT below 0.6),Medium,NSE-EQL-2026-08-10|NSE-BHAV-2026-08-10,GODREJPROP-SCR-01|GODREJPROP-PXW-01,Low,"Is forward growth contracted/visible or extrapolated from a favourable base? | Do unit economics hold as mix shifts, and is growth funded without dilution? | How much of EPS growth is operating vs. below-the-line or tax-rate driven?",Last 4 quarterly results; latest investor presentation; earnings-call transcripts; annual report share-capital and ESOP notes,5y EPS CAGR not computable (negative or zero base year); Other income >35% of PBT - EPS provisional; EPS not normalised for exceptional items at Phase 1 - reported basis only
2026-08-11,Grauer & Weil (India) Ltd,GRAUWEIL,NSE,Main Board,Not disclosed,Not disclosed,68.1,2026-08-10,3089.0,2026-08-10,3-month median daily traded value,2.066,13-week median of weekly traded value / 5,1,,,Quality compounder,5y median ROCE 23%; 5y revenue CAGR 14%; 5y EPS CAGR 19%; cumulative CFO/PAT 0.93,Earnings-upgrade candidate|Capex commissioning|Governance risk,Stage 4 decline,2026-08-10,14.487564671022568,18.95234184344843,21.4,23.0,0.013876040703052728,Mar 2022-Mar 2026,0.9317147192716236,Trailing P/E vs 3-5y EPS CAGR (preliminary),19.3,69.5,5y median ROCE 23%; 5y revenue CAGR 14%; 5y EPS CAGR 19%; cumulative CFO/PAT 0.93,Equity capital up 96% in 5y - dilution,High,NSE-EQL-2026-08-10|NSE-BHAV-2026-08-10,GRAUWEIL-SCR-01|GRAUWEIL-PXW-01,Low,"Is the 5y median ROCE sustained on incremental capital, or inflated by a legacy asset base? | What is the reinvestment runway, and has capital allocation stayed inside the core? | Does cumulative CFO/PAT hold above 0.8 once working-capital swings are normalised?",Latest annual report (MD&A + segment note); last 4 quarterly results; latest investor presentation; last 2 earnings-call transcripts,nan; EPS not normalised for exceptional items at Phase 1 - reported basis only
2026-08-11,Ajmera Realty & Infra India Ltd,AJMERA,NSE,Main Board,Not disclosed,Not disclosed,123.0,2026-08-10,2417.0,2026-08-10,3-month median daily traded value,6.078,13-week median of weekly traded value / 5,1,,,High-growth company,3y revenue CAGR 36%; 3y EPS CAGR 24%; latest quarter revenue +97% YoY,Earnings-upgrade candidate,Stage 4 decline,2026-08-10,25.724351636002307,34.954430573853614,14.3,12.0,0.5085836909871244,Mar 2022-Mar 2026,0.7287128712871287,Trailing P/E vs 3-5y EPS CAGR (preliminary),15.6,69.4,3y revenue CAGR 36%; 3y EPS CAGR 24%; latest quarter revenue +97% YoY,Technically in Stage 4 decline,High,NSE-EQL-2026-08-10|NSE-BHAV-2026-08-10,AJMERA-SCR-01|AJMERA-PXW-01,Low,"Is forward growth contracted/visible or extrapolated from a favourable base? | Do unit economics hold as mix shifts, and is growth funded without dilution? | How much of EPS growth is operating vs. below-the-line or tax-rate driven?",Last 4 quarterly results; latest investor presentation; earnings-call transcripts; annual report share-capital and ESOP notes,nan; EPS not normalised for exceptional items at Phase 1 - reported basis only
2026-08-11,Hester Biosciences Ltd,HESTERBIO,NSE,Main Board,Not disclosed,Not disclosed,2505.0,2026-08-10,2130.0,2026-08-10,3-month median daily traded value,1.851,13-week median of weekly traded value / 5,1,,,Capex operating-leverage candidate,CWIP drawn down 95% YoY - capacity commissioned; OPM 6.0pp below 5y peak - absorption yet to come,Demerger/SOTP unlocking|Operating-leverage inflection|Margin-recovery candidate|PEAD candidate|Debt-reduction story,Mature/extended Stage 2,2026-08-10,9.246137753470451,10.078420409580868,15.2,10.0,0.5401662049861495,Mar 2022-Mar 2026,1.206896551724138,Trailing P/E vs 3-5y EPS CAGR (preliminary),40.1,69.3,CWIP drawn down 95% YoY - capacity commissioned; OPM 6.0pp below 5y peak - absorption yet to come,None identified at Phase 1 depth,High,NSE-EQL-2026-08-10|NSE-BHAV-2026-08-10,HESTERBIO-SCR-01|HESTERBIO-PXW-01,Low,"What exactly has been commissioned, on what date, and at what capex vs. original budget? | What demand evidence exists (orders, nominations, approvals, contracts) for the new capacity? | What are incremental EBITDA margin and incremental ROCE at 50/70/85% utilisation? | How do 6/12/18-month commissioning delays change FY+2 EPS and the debt schedule?",Capex announcements and Reg-30 intimations; annual report CWIP/fixed-asset schedule; investor presentation capacity slides; earnings-call transcripts; credit-rating rationale,nan; EPS not normalised for exceptional items at Phase 1 - reported basis only
2026-08-11,Zensar Technologies Ltd,ZENSARTECH,NSE,Main Board,Information Technology,Information Technology,499.0,2026-08-10,11355.0,2026-08-10,3-month median daily traded value,62.091,13-week median of weekly traded value / 5,1,,,Mature value/yield company,dividend yield 3.0%; FCF positive in 5 of last 5 years,Capex commissioning,Stage 4 decline,2026-08-10,8.506388851537782,20.6849445021817,22.8,21.0,0.016740834922653103,Mar 2022-Mar 2026,1.0661971830985915,Trailing P/E vs 3-5y EPS CAGR (preliminary),14.3,69.3,dividend yield 3.0%; FCF positive in 5 of last 5 years,Technically in Stage 4 decline,High,NSE-EQL-2026-08-10|NSE-BHAV-2026-08-10,ZENSARTECH-SCR-01|ZENSARTECH-PXW-01,Low,"Is the dividend covered by normalised FCF after maintenance capex, not by peak earnings? | What structural-decline risk exists in the core end-market? | Is management willing to keep returning capital, on what stated policy?",Annual report cash-flow statement and dividend policy; quarterly results; capex guidance,nan; EPS not normalised for exceptional items at Phase 1 - reported basis only
2026-08-11,Apar Industries Ltd,APARINDS,NSE,Main Board,Capital Goods,Capital Goods,16440.0,2026-08-10,66196.0,2026-08-10,3-month median daily traded value,202.684,13-week median of weekly traded value / 5,1,,,Quality compounder,5y median ROCE 33%; 5y revenue CAGR 29%; 5y EPS CAGR 42%; cumulative CFO/PAT 0.83,Governance risk|Capex commissioning,Mature/extended Stage 2,2026-08-10,29.092704850739338,42.12504012987799,31.1,33.0,0.1772668273688114,Mar 2022-Mar 2026,0.8294485503126776,Trailing P/E vs 3-5y EPS CAGR (preliminary),54.9,69.2,5y median ROCE 33%; 5y revenue CAGR 29%; 5y EPS CAGR 42%; cumulative CFO/PAT 0.83,None identified at Phase 1 depth,High,NSE-EQL-2026-08-10|NSE-BHAV-2026-08-10,APARINDS-SCR-01|APARINDS-PXW-01,Low,"Is the 5y median ROCE sustained on incremental capital, or inflated by a legacy asset base? | What is the reinvestment runway, and has capital allocation stayed inside the core? | Does cumulative CFO/PAT hold above 0.8 once working-capital swings are normalised?",Latest annual report (MD&A + segment note); last 4 quarterly results; latest investor presentation; last 2 earnings-call transcripts,nan; EPS not normalised for exceptional items at Phase 1 - reported basis only
2026-08-11,APL Apollo Tubes Ltd,APLAPOLLO,NSE,Main Board,Capital Goods,Capital Goods,2000.0,2026-08-10,55701.0,2026-08-10,3-month median daily traded value,107.858,13-week median of weekly traded value / 5,1,,,Quality compounder,5y median ROCE 27%; 5y revenue CAGR 22%; 5y EPS CAGR 25%; cumulative CFO/PAT 1.46,Governance risk|Peak-cycle risk,Mature Stage 1 base,2026-08-10,22.112356510418362,24.613382810199024,31.6,27.0,0.0940154804606381,Mar 2022-Mar 2026,1.459903870478118,Trailing P/E vs 3-5y EPS CAGR (preliminary),45.3,69.2,5y median ROCE 27%; 5y revenue CAGR 22%; 5y EPS CAGR 25%; cumulative CFO/PAT 1.46,Equity capital up 124% in 5y - dilution,High,NSE-EQL-2026-08-10|NSE-BHAV-2026-08-10,APLAPOLLO-SCR-01|APLAPOLLO-PXW-01,Low,"Is the 5y median ROCE sustained on incremental capital, or inflated by a legacy asset base? | What is the reinvestment runway, and has capital allocation stayed inside the core? | Does cumulative CFO/PAT hold above 0.8 once working-capital swings are normalised?",Latest annual report (MD&A + segment note); last 4 quarterly results; latest investor presentation; last 2 earnings-call transcripts,nan; EPS not normalised for exceptional items at Phase 1 - reported basis only
2026-08-11,Shree Cement Ltd,SHREECEM,NSE,Main Board,Construction Materials,Construction Materials,26023.0,2026-08-10,92646.0,2026-08-10,3-month median daily traded value,61.342,13-week median of weekly traded value / 5,1,,,Capex operating-leverage candidate,CWIP 13% of net block - build in progress; CWIP drawn down 61% YoY - capacity commissioned; OPM 8.0pp below 5y peak - absorption yet to come,Earnings-upgrade candidate|Capex commissioning|Operating-leverage inflection|Margin-recovery candidate,Early Stage 1,2026-08-10,9.082690364792988,-5.272131095843946,10.3,10.0,0.08028538273090643,Mar 2022-Mar 2026,1.9490704225352113,Trailing P/E vs 3-5y EPS CAGR (preliminary),56.8,69.1,CWIP 13% of net block - build in progress; CWIP drawn down 61% YoY - capacity commissioned; OPM 8.0pp below 5y peak - absorption yet to come,None identified at Phase 1 depth,High,NSE-EQL-2026-08-10|NSE-BHAV-2026-08-10,SHREECEM-SCR-01|SHREECEM-PXW-01,Low,"What exactly has been commissioned, on what date, and at what capex vs. original budget? | What demand evidence exists (orders, nominations, approvals, contracts) for the new capacity? | What are incremental EBITDA margin and incremental ROCE at 50/70/85% utilisation? | How do 6/12/18-month commissioning delays change FY+2 EPS and the debt schedule?",Capex announcements and Reg-30 intimations; annual report CWIP/fixed-asset schedule; investor presentation capacity slides; earnings-call transcripts; credit-rating rationale,nan; EPS not normalised for exceptional items at Phase 1 - reported basis only
2026-08-11,Quess Corp Ltd,QUESS,NSE,Main Board,Services,Services,324.0,2026-08-10,4850.0,2026-08-10,3-month median daily traded value,12.575,13-week median of weekly traded value / 5,1,,,Mature value/yield company,dividend yield 2.5%; FCF positive in 5 of last 5 years,Margin-recovery candidate|PEAD candidate,Mature/extended Stage 2,2026-08-10,7.1481932047670504,30.505725945274342,24.0,12.0,0.10634648370497427,Mar 2022-Mar 2026,2.1125244618395302,Trailing P/E vs 3-5y EPS CAGR (preliminary),18.8,69.1,dividend yield 2.5%; FCF positive in 5 of last 5 years,None identified at Phase 1 depth,High,NSE-EQL-2026-08-10|NSE-BHAV-2026-08-10,QUESS-SCR-01|QUESS-PXW-01,Low,"Is the dividend covered by normalised FCF after maintenance capex, not by peak earnings? | What structural-decline risk exists in the core end-market? | Is management willing to keep returning capital, on what stated policy?",Annual report cash-flow statement and dividend policy; quarterly results; capex guidance,nan; EPS not normalised for exceptional items at Phase 1 - reported basis only
2026-08-11,Dalmia Bharat Sugar & Industries Ltd,DALMIASUG,NSE,Main Board,Not disclosed,Not disclosed,417.0,2026-08-10,3378.0,2026-08-10,3-month median daily traded value,3.758,13-week median of weekly traded value / 5,1,,,Cyclical recovery,OPM 6.0pp below 5y peak; PAT 36% below 5y peak; quarterly OPM +11.5pp YoY - margin inflecting,Operating-leverage inflection|Margin-recovery candidate|PEAD candidate|Debt-reduction story,Mature/extended Stage 2,2026-08-10,6.14043024893256,-2.6236312599083877,8.18,10.0,0.5561381863047502,Mar 2022-Mar 2026,1.0845070422535212,Trailing P/E vs 3-5y EPS CAGR (preliminary),16.5,68.9,OPM 6.0pp below 5y peak; PAT 36% below 5y peak; quarterly OPM +11.5pp YoY - margin inflecting,None identified at Phase 1 depth,High,NSE-EQL-2026-08-10|NSE-BHAV-2026-08-10,DALMIASUG-SCR-01|DALMIASUG-PXW-01,Low,"Where is the cycle versus mid-cycle margin, and what capacity is still being added industry-wide? | Is the improvement demand-led or a one-off inventory/input-cost effect? | Does the balance sheet survive another 4-6 quarters at trough spreads?",Annual report segment/realisation data; quarterly results; industry capacity data; credit-rating rationale,nan; EPS not normalised for exceptional items at Phase 1 - reported basis only
2026-08-11,Birlasoft Ltd,BSOFT,NSE,Main Board,Information Technology,Information Technology,318.0,2026-08-10,8884.0,2026-08-10,3-month median daily traded value,42.472,13-week median of weekly traded value / 5,1,,,Mature value/yield company,dividend yield 2.0%; FCF positive in 5 of last 5 years,Governance risk|Peak-cycle risk,Stage 4 decline,2026-08-10,8.349410742961894,9.901118144562894,21.2,21.0,0.034281546316557256,Mar 2022-Mar 2026,1.0708757637474542,Trailing P/E vs 3-5y EPS CAGR (preliminary),14.9,68.9,dividend yield 2.0%; FCF positive in 5 of last 5 years,Technically in Stage 4 decline,High,NSE-EQL-2026-08-10|NSE-BHAV-2026-08-10,BSOFT-SCR-01|BSOFT-PXW-01,Low,"Is the dividend covered by normalised FCF after maintenance capex, not by peak earnings? | What structural-decline risk exists in the core end-market? | Is management willing to keep returning capital, on what stated policy?",Annual report cash-flow statement and dividend policy; quarterly results; capex guidance,nan; EPS not normalised for exceptional items at Phase 1 - reported basis only
2026-08-11,Kirloskar Industries Ltd,KIRLOSIND,NSE,Main Board,Not disclosed,Not disclosed,3777.0,2026-08-10,3964.0,2026-08-10,3-month median daily traded value,3.143,13-week median of weekly traded value / 5,1,,,Asset-value/SOTP opportunity,balance-sheet investments = 111% of market cap; trades at 0.64x book,Capex commissioning|PEAD candidate|Demerger/SOTP unlocking,Early Stage 2,2026-08-10,27.316361268997213,5.115661311857322,7.01,11.0,0.17808,Mar 2022-Mar 2026,1.6036960985626283,Trailing P/E vs 3-5y EPS CAGR (preliminary),12.9,68.8,balance-sheet investments = 111% of market cap; trades at 0.64x book,None identified at Phase 1 depth,High,NSE-EQL-2026-08-10|NSE-BHAV-2026-08-10,KIRLOSIND-SCR-01|KIRLOSIND-PXW-01,Low,"What are conservative realisable values for each asset, net of tax leakage and holdco discount? | Is there a disclosed unlocking mechanism with a timeline, or only a static discount? | Does the core operating business earn above its cost of capital, or does it consume the asset value?",Annual report investment schedule and subsidiary financials; scheme documents; related-party transaction note,nan; EPS not normalised for exceptional items at Phase 1 - reported basis only
2026-08-11,Ipca Laboratories Ltd,IPCALAB,NSE,Main Board,Healthcare,Healthcare,1694.0,2026-08-10,42957.0,2026-08-10,3-month median daily traded value,39.918,13-week median of weekly traded value / 5,1,,,Event-driven or special situation,Asset / business sale disclosed 17-Oct-2025 17:31:05,Demerger/SOTP unlocking|Capex commissioning|Margin-recovery candidate,Early Stage 2,2026-08-10,12.213965105286938,0.01779517863382818,17.0,15.0,0.1003348629542354,Mar 2022-Mar 2026,1.3131313131313131,Trailing P/E vs 3-5y EPS CAGR (preliminary),36.4,68.8,Asset / business sale disclosed 17-Oct-2025 17:31:05,None identified at Phase 1 depth,High,NSE-EQL-2026-08-10|NSE-BHAV-2026-08-10,IPCALAB-SCR-01|IPCALAB-PXW-01,Low,"What is the disclosed scheme/transaction structure, record date, and regulatory path? | What is the value in completed, delayed and cancelled scenarios, and the probability of each? | What is the downside if the event does not complete at all?",Scheme of arrangement / offer document; stock-exchange intimations; NCLT/SEBI filings; valuation report where disclosed,nan; EPS not normalised for exceptional items at Phase 1 - reported basis only
2026-08-11,CRISIL Ltd,CRISIL,NSE,Main Board,Financial Services,Financial Services,4540.0,2026-08-10,33218.0,2026-08-10,3-month median daily traded value,19.445,13-week median of weekly traded value / 5,1,,,Financial compounder,ROE 24.5%; 5y EPS CAGR 16%,PEAD candidate|Peak-cycle risk,Early Stage 1,2026-08-10,12.983244651453818,16.472216023276687,24.5,28.0,,Dec 2021-Dec 2025,,P/B vs ROE (preliminary),37.6,68.8,ROE 24.5%; 5y EPS CAGR 16%,None identified at Phase 1 depth,Medium,NSE-EQL-2026-08-10|NSE-BHAV-2026-08-10,CRISIL-SCR-01|CRISIL-PXW-01,Low,"Is ROE sustainable on current capital, and what dilution is required to fund growth? | What are GNPA/NNPA, provision coverage, and credit-cost trend through the cycle? | What is the funding franchise - cost of funds trajectory and liability mix?",Annual report asset-quality and capital-adequacy disclosures; quarterly investor presentation; credit-rating rationale,nan; EPS not normalised for exceptional items at Phase 1 - reported basis only
2026-08-11,Spectrum Electrical Industries Ltd,SPECTRUM,NSE,Main Board,Not disclosed,Not disclosed,2530.0,2026-08-10,3982.0,2026-08-10,3-month median daily traded value,4.116,13-week median of weekly traded value / 5,1,,,High-growth company,3y revenue CAGR 28%; 3y EPS CAGR 72%; latest quarter revenue +233% YoY,Governance risk|Earnings-upgrade candidate|Capex commissioning|PEAD candidate|Peak-cycle risk,Mature/extended Stage 2,2026-08-10,28.35173964914275,48.535345317818155,16.7,15.0,1.0163265306122449,Mar 2022-Mar 2026,0.9134615384615384,Trailing P/E vs 3-5y EPS CAGR (preliminary),89.6,68.8,3y revenue CAGR 28%; 3y EPS CAGR 72%; latest quarter revenue +233% YoY,None identified at Phase 1 depth,High,NSE-EQL-2026-08-10|NSE-BHAV-2026-08-10,SPECTRUM-SCR-01|SPECTRUM-PXW-01,Low,"Is forward growth contracted/visible or extrapolated from a favourable base? | Do unit economics hold as mix shifts, and is growth funded without dilution? | How much of EPS growth is operating vs. below-the-line or tax-rate driven?",Last 4 quarterly results; latest investor presentation; earnings-call transcripts; annual report share-capital and ESOP notes,nan; EPS not normalised for exceptional items at Phase 1 - reported basis only
2026-08-11,HBL Engineering Ltd,HBLENGINE,NSE,Main Board,Capital Goods,Capital Goods,693.0,2026-08-10,19222.0,2026-08-10,3-month median daily traded value,71.451,13-week median of weekly traded value / 5,1,,,Quality compounder,5y median ROCE 27%; 5y revenue CAGR 29%; 5y EPS CAGR 126%; cumulative CFO/PAT 0.92,Capex commissioning|Peak-cycle risk,Stage 4 decline,2026-08-10,29.354859048905357,125.87879655169418,58.4,27.0,0.030248306997742665,Mar 2022-Mar 2026,0.9161331626120358,Trailing P/E vs 3-5y EPS CAGR (preliminary),24.0,68.8,5y median ROCE 27%; 5y revenue CAGR 29%; 5y EPS CAGR 126%; cumulative CFO/PAT 0.92,Technically in Stage 4 decline,High,NSE-EQL-2026-08-10|NSE-BHAV-2026-08-10,HBLENGINE-SCR-01|HBLENGINE-PXW-01,Low,"Is the 5y median ROCE sustained on incremental capital, or inflated by a legacy asset base? | What is the reinvestment runway, and has capital allocation stayed inside the core? | Does cumulative CFO/PAT hold above 0.8 once working-capital swings are normalised?",Latest annual report (MD&A + segment note); last 4 quarterly results; latest investor presentation; last 2 earnings-call transcripts,nan; EPS not normalised for exceptional items at Phase 1 - reported basis only
2026-08-11,BLS International Services Ltd,BLS,NSE,Main Board,Consumer Services,Consumer Services,262.0,2026-08-10,10767.0,2026-08-10,3-month median daily traded value,33.303,13-week median of weekly traded value / 5,1,,,Quality compounder,5y median ROCE 31%; 5y revenue CAGR 44%; 5y EPS CAGR 69%; cumulative CFO/PAT 1.33,Governance risk,Stage 4 decline,2026-08-10,44.37125986193629,68.72026277395476,29.3,31.0,0.1749898497766951,Mar 2022-Mar 2026,1.3270341207349081,Trailing P/E vs 3-5y EPS CAGR (preliminary),15.3,68.8,5y median ROCE 31%; 5y revenue CAGR 44%; 5y EPS CAGR 69%; cumulative CFO/PAT 1.33,Equity capital up 310% in 5y - dilution,High,NSE-EQL-2026-08-10|NSE-BHAV-2026-08-10,BLS-SCR-01|BLS-PXW-01,Low,"Is the 5y median ROCE sustained on incremental capital, or inflated by a legacy asset base? | What is the reinvestment runway, and has capital allocation stayed inside the core? | Does cumulative CFO/PAT hold above 0.8 once working-capital swings are normalised?",Latest annual report (MD&A + segment note); last 4 quarterly results; latest investor presentation; last 2 earnings-call transcripts,nan; EPS not normalised for exceptional items at Phase 1 - reported basis only
2026-08-11,Jubilant Ingrevia Ltd,JUBLINGREA,NSE,Main Board,Chemicals,Chemicals,744.0,2026-08-10,11843.0,2026-08-10,3-month median daily traded value,21.689,13-week median of weekly traded value / 5,1,,,High-growth company,best-fitting archetype on screened metrics,Margin-recovery candidate,Early Stage 1,2026-08-10,45.02474263748235,38.61435564281983,11.4,11.0,0.2533589251439539,Mar 2022-Mar 2026,1.5878423513694055,Trailing P/E vs 3-5y EPS CAGR (preliminary),37.2,68.7,best-fitting archetype on screened metrics,None identified at Phase 1 depth,High,NSE-EQL-2026-08-10|NSE-BHAV-2026-08-10,JUBLINGREA-SCR-01|JUBLINGREA-PXW-01,Low,"Is forward growth contracted/visible or extrapolated from a favourable base? | Do unit economics hold as mix shifts, and is growth funded without dilution? | How much of EPS growth is operating vs. below-the-line or tax-rate driven?",Last 4 quarterly results; latest investor presentation; earnings-call transcripts; annual report share-capital and ESOP notes,nan; EPS not normalised for exceptional items at Phase 1 - reported basis only
2026-08-11,Bajaj Consumer Care Ltd,BAJAJCON,NSE,Main Board,Not disclosed,Not disclosed,546.0,2026-08-10,7139.0,2026-08-10,3-month median daily traded value,35.111,13-week median of weekly traded value / 5,1,,,Cyclical recovery,OPM 7.0pp below 5y peak; quarterly OPM +5.0pp YoY - margin inflecting,Demerger/SOTP unlocking|Governance risk|Earnings-upgrade candidate|Operating-leverage inflection|Margin-recovery candidate,Early Stage 2,2026-08-10,4.789797440065557,-0.7519650487427088,30.0,23.0,0.02119205298013245,Mar 2022-Mar 2026,0.7804878048780488,Trailing P/E vs 3-5y EPS CAGR (preliminary),32.0,68.6,OPM 7.0pp below 5y peak; quarterly OPM +5.0pp YoY - margin inflecting,None identified at Phase 1 depth,High,NSE-EQL-2026-08-10|NSE-BHAV-2026-08-10,BAJAJCON-SCR-01|BAJAJCON-PXW-01,Low,"Where is the cycle versus mid-cycle margin, and what capacity is still being added industry-wide? | Is the improvement demand-led or a one-off inventory/input-cost effect? | Does the balance sheet survive another 4-6 quarters at trough spreads?",Annual report segment/realisation data; quarterly results; industry capacity data; credit-rating rationale,nan; EPS not normalised for exceptional items at Phase 1 - reported basis only
2026-08-11,Ashapura Minechem Ltd,ASHAPURMIN,NSE,Main Board,Metals & Mining,Metals & Mining,645.0,2026-08-10,6172.0,2026-08-10,3-month median daily traded value,37.554,13-week median of weekly traded value / 5,1,,,High-growth company,3y revenue CAGR 42%; 3y EPS CAGR 49%; latest quarter revenue +107% YoY,,Early Stage 1,2026-08-10,35.46532309757951,33.09802570721458,20.7,17.0,0.8756822316555488,Mar 2022-Mar 2026,0.8530405405405406,Trailing P/E vs 3-5y EPS CAGR (preliminary),15.0,68.6,3y revenue CAGR 42%; 3y EPS CAGR 49%; latest quarter revenue +107% YoY,None identified at Phase 1 depth,High,NSE-EQL-2026-08-10|NSE-BHAV-2026-08-10,ASHAPURMIN-SCR-01|ASHAPURMIN-PXW-01,Low,"Is forward growth contracted/visible or extrapolated from a favourable base? | Do unit economics hold as mix shifts, and is growth funded without dilution? | How much of EPS growth is operating vs. below-the-line or tax-rate driven?",Last 4 quarterly results; latest investor presentation; earnings-call transcripts; annual report share-capital and ESOP notes,nan; EPS not normalised for exceptional items at Phase 1 - reported basis only
2026-08-11,Banco Products (India) Ltd,BANCOINDIA,NSE,Main Board,Automobile and Auto Components,Automobile and Auto Components,628.0,2026-08-10,8997.0,2026-08-10,3-month median daily traded value,9.21,13-week median of weekly traded value / 5,1,,,Quality compounder,5y median ROCE 27%; 5y revenue CAGR 21%; 5y EPS CAGR 33%,Operating-leverage inflection|Governance risk,Early Stage 1,2026-08-10,20.507855679432254,33.475326179051336,30.9,27.0,0.36439169139465877,Mar 2022-Mar 2026,0.6640574037834311,Trailing P/E vs 3-5y EPS CAGR (preliminary),18.7,68.6,5y median ROCE 27%; 5y revenue CAGR 21%; 5y EPS CAGR 33%,Equity capital up 107% in 5y - dilution,High,NSE-EQL-2026-08-10|NSE-BHAV-2026-08-10,BANCOINDIA-SCR-01|BANCOINDIA-PXW-01,Low,"Is the 5y median ROCE sustained on incremental capital, or inflated by a legacy asset base? | What is the reinvestment runway, and has capital allocation stayed inside the core? | Does cumulative CFO/PAT hold above 0.8 once working-capital swings are normalised?",Latest annual report (MD&A + segment note); last 4 quarterly results; latest investor presentation; last 2 earnings-call transcripts,nan; EPS not normalised for exceptional items at Phase 1 - reported basis only
2026-08-11,Sharda Motor Industries Ltd,SHARDAMOTR,NSE,Main Board,Not disclosed,Not disclosed,957.0,2026-08-10,5490.0,2026-08-10,3-month median daily traded value,3.453,13-week median of weekly traded value / 5,1,,,Quality compounder,5y median ROCE 38%; 5y revenue CAGR 14%; 5y EPS CAGR 40%,Governance risk,Early Stage 1,2026-08-10,14.356049950068206,39.96917337346277,36.0,38.0,0.037319116527037316,Mar 2022-Mar 2026,0.7562642369020501,Trailing P/E vs 3-5y EPS CAGR (preliminary),16.5,68.6,5y median ROCE 38%; 5y revenue CAGR 14%; 5y EPS CAGR 40%,Equity capital up 83% in 5y - dilution,High,NSE-EQL-2026-08-10|NSE-BHAV-2026-08-10,SHARDAMOTR-SCR-01|SHARDAMOTR-PXW-01,Low,"Is the 5y median ROCE sustained on incremental capital, or inflated by a legacy asset base? | What is the reinvestment runway, and has capital allocation stayed inside the core? | Does cumulative CFO/PAT hold above 0.8 once working-capital swings are normalised?",Latest annual report (MD&A + segment note); last 4 quarterly results; latest investor presentation; last 2 earnings-call transcripts,nan; EPS not normalised for exceptional items at Phase 1 - reported basis only
2026-08-11,Bhansali Engineering Polymers Ltd,BEPL,NSE,Main Board,Not disclosed,Not disclosed,126.0,2026-08-10,3135.0,2026-08-10,3-month median daily traded value,6.695,13-week median of weekly traded value / 5,1,,,Cyclical recovery,OPM 18.0pp below 5y peak; PAT 49% below 5y peak; quarterly OPM +4.0pp YoY - margin inflecting,Capex commissioning|Operating-leverage inflection|Margin-recovery candidate|PEAD candidate|Governance risk,Mature/extended Stage 2,2026-08-10,-0.2489141025664221,-11.61120564144924,23.8,24.0,0.0,Mar 2022-Mar 2026,0.9220272904483431,Trailing P/E vs 3-5y EPS CAGR (preliminary),15.7,68.5,OPM 18.0pp below 5y peak; PAT 49% below 5y peak; quarterly OPM +4.0pp YoY - margin inflecting,Equity capital up 47% in 5y - dilution,High,NSE-EQL-2026-08-10|NSE-BHAV-2026-08-10,BEPL-SCR-01|BEPL-PXW-01,Low,"Where is the cycle versus mid-cycle margin, and what capacity is still being added industry-wide? | Is the improvement demand-led or a one-off inventory/input-cost effect? | Does the balance sheet survive another 4-6 quarters at trough spreads?",Annual report segment/realisation data; quarterly results; industry capacity data; credit-rating rationale,nan; EPS not normalised for exceptional items at Phase 1 - reported basis only
2026-08-11,Star Cement Ltd,STARCEMENT,NSE,Main Board,Construction Materials,Construction Materials,199.0,2026-08-10,8019.0,2026-08-10,3-month median daily traded value,4.839,13-week median of weekly traded value / 5,1,,,Capex operating-leverage candidate,CWIP drawn down 57% YoY - capacity commissioned,Earnings-upgrade candidate|Operating-leverage inflection|Peak-cycle risk,Stage 4 decline,2026-08-10,17.03094388504556,16.46928181354006,16.7,16.0,0.18896897524287057,Mar 2022-Mar 2026,1.7242401779095626,Trailing P/E vs 3-5y EPS CAGR (preliminary),21.2,68.4,CWIP drawn down 57% YoY - capacity commissioned,Technically in Stage 4 decline,High,NSE-EQL-2026-08-10|NSE-BHAV-2026-08-10,STARCEMENT-SCR-01|STARCEMENT-PXW-01,Low,"What exactly has been commissioned, on what date, and at what capex vs. original budget? | What demand evidence exists (orders, nominations, approvals, contracts) for the new capacity? | What are incremental EBITDA margin and incremental ROCE at 50/70/85% utilisation? | How do 6/12/18-month commissioning delays change FY+2 EPS and the debt schedule?",Capex announcements and Reg-30 intimations; annual report CWIP/fixed-asset schedule; investor presentation capacity slides; earnings-call transcripts; credit-rating rationale,nan; EPS not normalised for exceptional items at Phase 1 - reported basis only
2026-08-11,Godfrey Phillips India Ltd,GODFRYPHLP,NSE,Main Board,Fast Moving Consumer Goods,Fast Moving Consumer Goods,2290.0,2026-08-10,35786.0,2026-08-10,3-month median daily traded value,69.68,13-week median of weekly traded value / 5,1,,,Mature value/yield company,dividend yield 2.2%; FCF positive in 4 of last 5 years,Earnings-upgrade candidate|Capex commissioning|Operating-leverage inflection|Peak-cycle risk|Governance risk|Value-trap risk,Early Stage 1,2026-08-10,20.40970351146596,32.29877887783778,30.2,23.0,0.03766902768834514,Mar 2022-Mar 2026,0.46203904555314534,Trailing P/E vs 3-5y EPS CAGR (preliminary),26.2,68.4,dividend yield 2.2%; FCF positive in 4 of last 5 years,Weak cash conversion (cumulative CFO/PAT below 0.6),High,NSE-EQL-2026-08-10|NSE-BHAV-2026-08-10,GODFRYPHLP-SCR-01|GODFRYPHLP-PXW-01,Low,"Is the dividend covered by normalised FCF after maintenance capex, not by peak earnings? | What structural-decline risk exists in the core end-market? | Is management willing to keep returning capital, on what stated policy?",Annual report cash-flow statement and dividend policy; quarterly results; capex guidance,nan; EPS not normalised for exceptional items at Phase 1 - reported basis only
2026-08-11,Chalet Hotels Ltd,CHALET,NSE,Main Board,Consumer Services,Consumer Services,840.0,2026-08-10,18395.0,2026-08-10,3-month median daily traded value,9.453,13-week median of weekly traded value / 5,1,,,High-growth company,3y revenue CAGR 35%; 3y EPS CAGR 49%,Operating-leverage inflection|Debt-reduction story|Peak-cycle risk,Early Stage 1,2026-08-10,57.47903584501539,,17.1,10.0,0.6403461330448891,Mar 2022-Mar 2026,2.7806341045415595,Trailing P/E vs 3-5y EPS CAGR (preliminary),34.4,68.3,3y revenue CAGR 35%; 3y EPS CAGR 49%,None identified at Phase 1 depth,High,NSE-EQL-2026-08-10|NSE-BHAV-2026-08-10,CHALET-SCR-01|CHALET-PXW-01,Low,"Is forward growth contracted/visible or extrapolated from a favourable base? | Do unit economics hold as mix shifts, and is growth funded without dilution? | How much of EPS growth is operating vs. below-the-line or tax-rate driven?",Last 4 quarterly results; latest investor presentation; earnings-call transcripts; annual report share-capital and ESOP notes,5y EPS CAGR not computable (negative or zero base year); nan; EPS not normalised for exceptional items at Phase 1 - reported basis only
2026-08-11,Gallantt Ispat Ltd.,GALLANTT,NSE,Main Board,Capital Goods,Capital Goods,594.0,2026-08-10,14319.0,2026-08-10,3-month median daily traded value,8.875,13-week median of weekly traded value / 5,1,,,Quality compounder,5y revenue CAGR 34%; cumulative CFO/PAT 1.30,Governance risk|Earnings-upgrade candidate|Capex commissioning|Peak-cycle risk,Stage 3 distribution,2026-08-10,34.418457126511434,14.927155805437708,18.2,16.0,0.1652593486127865,Mar 2022-Mar 2026,1.2999299229152068,Trailing P/E vs 3-5y EPS CAGR (preliminary),32.8,68.3,5y revenue CAGR 34%; cumulative CFO/PAT 1.30,Equity capital up 198% in 5y - dilution,High,NSE-EQL-2026-08-10|NSE-BHAV-2026-08-10,GALLANTT-SCR-01|GALLANTT-PXW-01,Low,"Is the 5y median ROCE sustained on incremental capital, or inflated by a legacy asset base? | What is the reinvestment runway, and has capital allocation stayed inside the core? | Does cumulative CFO/PAT hold above 0.8 once working-capital swings are normalised?",Latest annual report (MD&A + segment note); last 4 quarterly results; latest investor presentation; last 2 earnings-call transcripts,nan; EPS not normalised for exceptional items at Phase 1 - reported basis only
2026-08-11,Astral Ltd,ASTRAL,NSE,Main Board,Capital Goods,Capital Goods,1440.0,2026-08-10,38737.0,2026-08-10,3-month median daily traded value,80.002,13-week median of weekly traded value / 5,1,,,Event-driven or special situation,Demerger / scheme of arrangement disclosed 29-Jul-2026 19:03:35,Demerger/SOTP unlocking|Earnings-upgrade candidate|Operating-leverage inflection|Margin-recovery candidate,Mature Stage 1 base,2026-08-10,15.644172707045211,5.749962858816504,19.2,23.0,0.06160670280926565,Mar 2022-Mar 2026,1.4324746291959407,Trailing P/E vs 3-5y EPS CAGR (preliminary),72.9,68.2,Demerger / scheme of arrangement disclosed 29-Jul-2026 19:03:35,None identified at Phase 1 depth,High,NSE-EQL-2026-08-10|NSE-BHAV-2026-08-10,ASTRAL-SCR-01|ASTRAL-PXW-01,Low,"What is the disclosed scheme/transaction structure, record date, and regulatory path? | What is the value in completed, delayed and cancelled scenarios, and the probability of each? | What is the downside if the event does not complete at all?",Scheme of arrangement / offer document; stock-exchange intimations; NCLT/SEBI filings; valuation report where disclosed,nan; EPS not normalised for exceptional items at Phase 1 - reported basis only
2026-08-11,Thermax Ltd,THERMAX,NSE,Main Board,Capital Goods,Capital Goods,4062.0,2026-08-10,48480.0,2026-08-10,3-month median daily traded value,100.696,13-week median of weekly traded value / 5,1,,,Quality compounder,5y revenue CAGR 18%; 5y EPS CAGR 28%; cumulative CFO/PAT 0.96,Demerger/SOTP unlocking|Earnings-upgrade candidate|Capex commissioning|Operating-leverage inflection|Peak-cycle risk|Overvalued quality,Early Stage 2,2026-08-10,17.595352986113035,28.380237591931,13.9,14.0,0.42396396396396396,Mar 2022-Mar 2026,0.9640392299309843,Trailing P/E vs 3-5y EPS CAGR (preliminary),88.1,68.2,5y revenue CAGR 18%; 5y EPS CAGR 28%; cumulative CFO/PAT 0.96,None identified at Phase 1 depth,High,NSE-EQL-2026-08-10|NSE-BHAV-2026-08-10,THERMAX-SCR-01|THERMAX-PXW-01,Low,"Is the 5y median ROCE sustained on incremental capital, or inflated by a legacy asset base? | What is the reinvestment runway, and has capital allocation stayed inside the core? | Does cumulative CFO/PAT hold above 0.8 once working-capital swings are normalised?",Latest annual report (MD&A + segment note); last 4 quarterly results; latest investor presentation; last 2 earnings-call transcripts,nan; EPS not normalised for exceptional items at Phase 1 - reported basis only
2026-08-11,Jash Engineering Ltd,JASH,NSE,Main Board,Not disclosed,Not disclosed,505.0,2026-08-10,3189.0,2026-08-10,3-month median daily traded value,7.905,13-week median of weekly traded value / 5,1,,,Quality compounder,5y median ROCE 23%; 5y revenue CAGR 20%; 5y EPS CAGR 19%,Governance risk|Operating-leverage inflection|Margin-recovery candidate,Early Stage 2,2026-08-10,19.74057110829954,18.57818144767944,17.7,23.0,0.19845857418111754,Mar 2022-Mar 2026,0.6910828025477707,Trailing P/E vs 3-5y EPS CAGR (preliminary),41.9,68.1,5y median ROCE 23%; 5y revenue CAGR 20%; 5y EPS CAGR 19%,None identified at Phase 1 depth,High,NSE-EQL-2026-08-10|NSE-BHAV-2026-08-10,JASH-SCR-01|JASH-PXW-01,Low,"Is the 5y median ROCE sustained on incremental capital, or inflated by a legacy asset base? | What is the reinvestment runway, and has capital allocation stayed inside the core? | Does cumulative CFO/PAT hold above 0.8 once working-capital swings are normalised?",Latest annual report (MD&A + segment note); last 4 quarterly results; latest investor presentation; last 2 earnings-call transcripts,nan; EPS not normalised for exceptional items at Phase 1 - reported basis only
